session_id,point_index,world_x,world_y,expected_pixel_x,expected_pixel_y,matched_pixel_x,matched_pixel_y,raw_pip_center_x,raw_pip_center_y,die_center_x,die_center_y,value,color,pixel_match_distance,detection_json,capture_dir,notes
20260508_202309,1,173.48,-37.929,211.365,197.408,213.6,196.76,214.57,198.48,213.2,195.74,2,b,2.327,C:\Users\alex2\Desktop\openMV\results\semi_auto_calibration_20260508_202309\frame_01.json,C:\Users\alex2\Desktop\openMV\results\semi_auto_calibration_20260508_202309,
20260508_202309,2,267.678,-36.783,200.111,32.574,195.2,31.85,196.11,32.58,193.91,31.52,5,b,4.964,C:\Users\alex2\Desktop\openMV\results\semi_auto_calibration_20260508_202309\frame_01.json,C:\Users\alex2\Desktop\openMV\results\semi_auto_calibration_20260508_202309,
20260508_202309,3,197.58,-34.198,199.057,153.917,197.02,153.85,197.94,155.31,196.21,153.21,5,b,2.039,C:\Users\alex2\Desktop\openMV\results\semi_auto_calibration_20260508_202309\frame_01.json,C:\Users\alex2\Desktop\openMV\results\semi_auto_calibration_20260508_202309,
20260508_202309,4,242.04,-30.091,184.45,76.211,179.7,77.86,180.56,78.86,179.29,77.34,1,r,5.028,C:\Users\alex2\Desktop\openMV\results\semi_auto_calibration_20260508_202309\frame_01.json,C:\Users\alex2\Desktop\openMV\results\semi_auto_calibration_20260508_202309,
20260508_202309,5,180.775,-14.149,145.912,183.963,147.83,181.63,148.59,183.26,148.03,180.05,6,b,3.02,C:\Users\alex2\Desktop\openMV\results\semi_auto_calibration_20260508_202309\frame_01.json,C:\Users\alex2\Desktop\openMV\results\semi_auto_calibration_20260508_202309,
20260508_202309,6,260.188,-11.337,133.859,45.785,135.91,43.41,136.64,44.21,135.58,43.33,6,b,3.138,C:\Users\alex2\Desktop\openMV\results\semi_auto_calibration_20260508_202309\frame_01.json,C:\Users\alex2\Desktop\openMV\results\semi_auto_calibration_20260508_202309,
20260508_202309,7,211.018,-8.919,130.118,130.206,131.99,129.47,132.71,130.79,131.81,128.79,4,r,2.012,C:\Users\alex2\Desktop\openMV\results\semi_auto_calibration_20260508_202309\frame_01.json,C:\Users\alex2\Desktop\openMV\results\semi_auto_calibration_20260508_202309,
20260508_202309,8,234.431,-4.169,116.353,89.652,116.85,90.97,117.52,92.05,117.0,89.86,2,b,1.409,C:\Users\alex2\Desktop\openMV\results\semi_auto_calibration_20260508_202309\frame_01.json,C:\Users\alex2\Desktop\openMV\results\semi_auto_calibration_20260508_202309,
20260508_202309,9,172.802,14.487,69.038,198.07,,,,,,,,,,C:\Users\alex2\Desktop\openMV\results\semi_auto_calibration_20260508_202309\frame_01.json,C:\Users\alex2\Desktop\openMV\results\semi_auto_calibration_20260508_202309,
20260508_202309,10,196.733,15.134,66.679,155.375,62.38,156.62,62.89,158.1,62.91,155.2,2,b,4.476,C:\Users\alex2\Desktop\openMV\results\semi_auto_calibration_20260508_202309\frame_01.json,C:\Users\alex2\Desktop\openMV\results\semi_auto_calibration_20260508_202309,
20260508_202309,11,257.459,17.71,58.498,51.018,59.59,51.25,60.09,52.09,59.72,50.23,5,b,1.116,C:\Users\alex2\Desktop\openMV\results\semi_auto_calibration_20260508_202309\frame_01.json,C:\Users\alex2\Desktop\openMV\results\semi_auto_calibration_20260508_202309,
20260508_202309,12,225.108,17.803,58.963,105.931,59.5,108.31,60.0,109.5,59.56,107.15,5,b,2.439,C:\Users\alex2\Desktop\openMV\results\semi_auto_calibration_20260508_202309\frame_01.json,C:\Users\alex2\Desktop\openMV\results\semi_auto_calibration_20260508_202309,
20260508_203137,1,172.527,-36.203,206.707,199.128,206.94,197.86,207.88,199.59,205.79,196.77,3,b,1.289,C:\Users\alex2\Desktop\openMV\results\semi_auto_calibration_20260508_203137\frame_01.json,C:\Users\alex2\Desktop\openMV\results\semi_auto_calibration_20260508_203137,
20260508_203137,2,198.019,-35.579,202.769,153.135,202.74,156.5,203.67,157.98,202.19,155.66,2,b,3.365,C:\Users\alex2\Desktop\openMV\results\semi_auto_calibration_20260508_203137\frame_01.json,C:\Users\alex2\Desktop\openMV\results\semi_auto_calibration_20260508_203137,
20260508_203137,3,238.884,-35.128,198.104,81.549,191.78,83.59,192.68,84.63,191.33,82.94,6,b,6.645,C:\Users\alex2\Desktop\openMV\results\semi_auto_calibration_20260508_203137\frame_01.json,C:\Users\alex2\Desktop\openMV\results\semi_auto_calibration_20260508_203137,
20260508_203137,4,263.133,-34.343,194.05,40.28,187.17,39.0,188.06,39.76,186.2,38.12,3,b,6.998,C:\Users\alex2\Desktop\openMV\results\semi_auto_calibration_20260508_203137\frame_01.json,C:\Users\alex2\Desktop\openMV\results\semi_auto_calibration_20260508_203137,
20260508_203137,5,207.883,-12.683,140.347,135.696,141.78,138.02,142.52,139.39,141.25,136.86,2,b,2.73,C:\Users\alex2\Desktop\openMV\results\semi_auto_calibration_20260508_203137\frame_01.json,C:\Users\alex2\Desktop\openMV\results\semi_auto_calibration_20260508_203137,
20260508_203137,6,232.438,-10.484,133.119,92.992,135.3,94.95,136.03,96.06,135.68,94.56,1,r,2.931,C:\Users\alex2\Desktop\openMV\results\semi_auto_calibration_20260508_203137\frame_01.json,C:\Users\alex2\Desktop\openMV\results\semi_auto_calibration_20260508_203137,
20260508_203137,7,182.199,-10.358,135.568,181.372,137.99,178.99,138.72,180.6,137.64,177.7,4,r,3.397,C:\Users\alex2\Desktop\openMV\results\semi_auto_calibration_20260508_203137\frame_01.json,C:\Users\alex2\Desktop\openMV\results\semi_auto_calibration_20260508_203137,
20260508_203137,8,263.62,-3.66,113.676,40.213,115.04,38.87,115.71,39.64,115.39,38.38,2,b,1.914,C:\Users\alex2\Desktop\openMV\results\semi_auto_calibration_20260508_203137\frame_01.json,C:\Users\alex2\Desktop\openMV\results\semi_auto_calibration_20260508_203137,
20260508_203137,9,202.57,10.271,79.421,145.092,75.5,146.55,76.05,147.97,76.14,145.35,6,b,4.183,C:\Users\alex2\Desktop\openMV\results\semi_auto_calibration_20260508_203137\frame_01.json,C:\Users\alex2\Desktop\openMV\results\semi_auto_calibration_20260508_203137,
20260508_203137,10,177.272,12.679,73.763,190.043,71.46,189.0,72.0,190.68,72.11,187.57,5,b,2.528,C:\Users\alex2\Desktop\openMV\results\semi_auto_calibration_20260508_203137\frame_01.json,C:\Users\alex2\Desktop\openMV\results\semi_auto_calibration_20260508_203137,
20260508_203137,11,225.948,13.438,70.383,104.441,69.26,106.52,69.79,107.7,69.83,105.23,4,r,2.363,C:\Users\alex2\Desktop\openMV\results\semi_auto_calibration_20260508_203137\frame_01.json,C:\Users\alex2\Desktop\openMV\results\semi_auto_calibration_20260508_203137,
20260508_203137,12,250.349,17.979,57.955,62.962,58.35,63.92,58.84,64.84,58.88,63.69,3,b,1.036,C:\Users\alex2\Desktop\openMV\results\semi_auto_calibration_20260508_203137\frame_01.json,C:\Users\alex2\Desktop\openMV\results\semi_auto_calibration_20260508_203137,
20260508_203331,1,190.819,-37.897,209.71,166.026,211.04,166.79,212.0,168.33,210.39,166.29,3,b,1.534,C:\Users\alex2\Desktop\openMV\results\semi_auto_calibration_20260508_203331\frame_01.json,C:\Users\alex2\Desktop\openMV\results\semi_auto_calibration_20260508_203331,
20260508_203331,2,267.022,-34.272,193.552,33.741,192.1,31.77,193.0,32.5,191.24,31.77,1,r,2.448,C:\Users\alex2\Desktop\openMV\results\semi_auto_calibration_20260508_203331\frame_01.json,C:\Users\alex2\Desktop\openMV\results\semi_auto_calibration_20260508_203331,
20260508_203331,3,213.969,-29.604,185.316,124.921,185.9,127.2,186.78,128.5,184.71,125.81,3,b,2.353,C:\Users\alex2\Desktop\openMV\results\semi_auto_calibration_20260508_203331\frame_01.json,C:\Users\alex2\Desktop\openMV\results\semi_auto_calibration_20260508_203331,
20260508_203331,4,244.683,-27.382,177.065,71.734,177.32,72.78,178.18,73.75,176.63,72.12,6,b,1.077,C:\Users\alex2\Desktop\openMV\results\semi_auto_calibration_20260508_203331\frame_01.json,C:\Users\alex2\Desktop\openMV\results\semi_auto_calibration_20260508_203331,
20260508_203331,5,173.69,-18.699,158.729,196.82,161.19,195.05,161.99,196.76,160.87,194.53,2,b,3.031,C:\Users\alex2\Desktop\openMV\results\semi_auto_calibration_20260508_203331\frame_01.json,C:\Users\alex2\Desktop\openMV\results\semi_auto_calibration_20260508_203331,
20260508_203331,6,260.31,-8.943,127.6,45.636,130.22,44.04,130.93,44.84,130.43,43.57,1,r,3.067,C:\Users\alex2\Desktop\openMV\results\semi_auto_calibration_20260508_203331\frame_01.json,C:\Users\alex2\Desktop\openMV\results\semi_auto_calibration_20260508_203331,
20260508_203331,7,195.95,-8.006,128.478,156.79,130.9,156.36,131.61,157.84,130.46,155.7,2,b,2.459,C:\Users\alex2\Desktop\openMV\results\semi_auto_calibration_20260508_203331\frame_01.json,C:\Users\alex2\Desktop\openMV\results\semi_auto_calibration_20260508_203331,
20260508_203331,8,219.126,-3.988,116.596,116.084,117.49,118.2,118.17,119.45,117.89,117.02,1,r,2.297,C:\Users\alex2\Desktop\openMV\results\semi_auto_calibration_20260508_203331\frame_01.json,C:\Users\alex2\Desktop\openMV\results\semi_auto_calibration_20260508_203331,
20260508_203331,9,176.292,10.297,80.183,191.826,78.15,191.76,78.7,193.45,77.87,190.12,2,b,2.034,C:\Users\alex2\Desktop\openMV\results\semi_auto_calibration_20260508_203331\frame_01.json,C:\Users\alex2\Desktop\openMV\results\semi_auto_calibration_20260508_203331,
20260508_203331,10,239.224,12.845,71.573,81.708,72.61,83.83,73.15,84.87,72.78,83.11,6,b,2.362,C:\Users\alex2\Desktop\openMV\results\semi_auto_calibration_20260508_203331\frame_01.json,C:\Users\alex2\Desktop\openMV\results\semi_auto_calibration_20260508_203331,
20260508_203331,11,262.804,15.184,64.896,42.031,68.14,42.21,68.67,43.0,68.07,41.38,5,b,3.249,C:\Users\alex2\Desktop\openMV\results\semi_auto_calibration_20260508_203331\frame_01.json,C:\Users\alex2\Desktop\openMV\results\semi_auto_calibration_20260508_203331,
20260508_203331,12,200.732,15.645,65.222,148.329,63.48,149.92,63.99,151.36,63.82,148.59,4,r,2.36,C:\Users\alex2\Desktop\openMV\results\semi_auto_calibration_20260508_203331\frame_01.json,C:\Users\alex2\Desktop\openMV\results\semi_auto_calibration_20260508_203331,
20260508_203540,1,205.04,-36.779,205.414,140.648,206.06,142.27,207.0,143.67,205.03,141.77,5,b,1.746,C:\Users\alex2\Desktop\openMV\results\semi_auto_calibration_20260508_203540\frame_01.json,C:\Users\alex2\Desktop\openMV\results\semi_auto_calibration_20260508_203540,
20260508_203540,2,231.743,-36.1,201.296,93.862,203.07,96.88,204.0,98.0,202.6,96.18,2,b,3.5,C:\Users\alex2\Desktop\openMV\results\semi_auto_calibration_20260508_203540\frame_01.json,C:\Users\alex2\Desktop\openMV\results\semi_auto_calibration_20260508_203540,
20260508_203540,3,256.165,-36.072,199.184,52.016,200.7,52.26,201.62,53.11,199.79,51.56,1,r,1.536,C:\Users\alex2\Desktop\openMV\results\semi_auto_calibration_20260508_203540\frame_01.json,C:\Users\alex2\Desktop\openMV\results\semi_auto_calibration_20260508_203540,
20260508_203540,4,179.544,-34.61,201.723,186.35,206.36,185.72,207.31,187.38,205.21,184.86,4,r,4.679,C:\Users\alex2\Desktop\openMV\results\semi_auto_calibration_20260508_203540\frame_01.json,C:\Users\alex2\Desktop\openMV\results\semi_auto_calibration_20260508_203540,
20260508_203540,5,219.349,-16.312,149.352,115.599,151.72,118.75,152.5,120.0,150.84,117.35,3,b,3.941,C:\Users\alex2\Desktop\openMV\results\semi_auto_calibration_20260508_203540\frame_01.json,C:\Users\alex2\Desktop\openMV\results\semi_auto_calibration_20260508_203540,
20260508_203540,6,194.565,-15.348,148.302,159.265,150.17,160.46,150.94,161.96,150.26,159.43,1,r,2.218,C:\Users\alex2\Desktop\openMV\results\semi_auto_calibration_20260508_203540\frame_01.json,C:\Users\alex2\Desktop\openMV\results\semi_auto_calibration_20260508_203540,
20260508_203540,7,264.458,-14.037,140.676,38.555,143.92,35.85,144.67,36.6,143.87,35.81,4,r,4.224,C:\Users\alex2\Desktop\openMV\results\semi_auto_calibration_20260508_203540\frame_01.json,C:\Users\alex2\Desktop\openMV\results\semi_auto_calibration_20260508_203540,
20260508_203540,8,172.914,-6.59,125.876,198.097,128.62,194.24,129.33,195.95,128.39,192.82,4,r,4.733,C:\Users\alex2\Desktop\openMV\results\semi_auto_calibration_20260508_203540\frame_01.json,C:\Users\alex2\Desktop\openMV\results\semi_auto_calibration_20260508_203540,
20260508_203540,9,237.314,7.04,86.802,84.876,88.38,85.36,88.97,86.41,88.78,84.32,2,b,1.65,C:\Users\alex2\Desktop\openMV\results\semi_auto_calibration_20260508_203540\frame_01.json,C:\Users\alex2\Desktop\openMV\results\semi_auto_calibration_20260508_203540,
20260508_203540,10,199.172,9.375,81.909,151.075,81.74,151.75,82.31,153.2,82.04,150.42,4,r,0.696,C:\Users\alex2\Desktop\openMV\results\semi_auto_calibration_20260508_203540\frame_01.json,C:\Users\alex2\Desktop\openMV\results\semi_auto_calibration_20260508_203540,
20260508_203540,11,265.911,16.677,60.975,36.895,63.99,35.75,64.5,36.5,64.48,35.36,5,b,3.225,C:\Users\alex2\Desktop\openMV\results\semi_auto_calibration_20260508_203540\frame_01.json,C:\Users\alex2\Desktop\openMV\results\semi_auto_calibration_20260508_203540,
20260508_203540,12,176.326,17.241,61.568,191.7,59.12,190.79,59.62,192.48,58.66,189.24,2,b,2.612,C:\Users\alex2\Desktop\openMV\results\semi_auto_calibration_20260508_203540\frame_01.json,C:\Users\alex2\Desktop\openMV\results\semi_auto_calibration_20260508_203540,
20260508_203926,1,174.986,-37.547,210.179,194.659,216.53,194.79,217.5,196.5,215.96,193.35,2,b,6.353,C:\Users\alex2\Desktop\openMV\results\semi_auto_calibration_20260508_203926\frame_01.json,C:\Users\alex2\Desktop\openMV\results\semi_auto_calibration_20260508_203926,
20260508_203926,2,223.04,-37.544,205.913,108.977,207.49,111.3,208.43,112.5,206.69,110.55,4,r,2.807,C:\Users\alex2\Desktop\openMV\results\semi_auto_calibration_20260508_203926\frame_01.json,C:\Users\alex2\Desktop\openMV\results\semi_auto_calibration_20260508_203926,
20260508_203926,3,267.828,-32.514,188.864,32.435,191.52,30.39,192.42,31.11,190.24,30.3,3,b,3.352,C:\Users\alex2\Desktop\openMV\results\semi_auto_calibration_20260508_203926\frame_01.json,C:\Users\alex2\Desktop\openMV\results\semi_auto_calibration_20260508_203926,
20260508_203926,4,196.414,-28.096,182.609,155.99,181.77,156.5,182.63,157.98,181.14,155.38,6,b,0.982,C:\Users\alex2\Desktop\openMV\results\semi_auto_calibration_20260508_203926\frame_01.json,C:\Users\alex2\Desktop\openMV\results\semi_auto_calibration_20260508_203926,
20260508_203926,5,244.991,-20.527,158.909,71.329,161.59,70.64,162.4,71.6,160.78,70.59,5,b,2.768,C:\Users\alex2\Desktop\openMV\results\semi_auto_calibration_20260508_203926\frame_01.json,C:\Users\alex2\Desktop\openMV\results\semi_auto_calibration_20260508_203926,
20260508_203926,6,218.545,-9.726,131.862,117.051,133.78,117.26,134.5,118.5,133.48,115.92,5,b,1.929,C:\Users\alex2\Desktop\openMV\results\semi_auto_calibration_20260508_203926\frame_01.json,C:\Users\alex2\Desktop\openMV\results\semi_auto_calibration_20260508_203926,
20260508_203926,7,266.528,-8.613,126.423,35.229,129.23,34.04,129.94,34.78,128.87,33.9,1,r,3.048,C:\Users\alex2\Desktop\openMV\results\semi_auto_calibration_20260508_203926\frame_01.json,C:\Users\alex2\Desktop\openMV\results\semi_auto_calibration_20260508_203926,
20260508_203926,8,179.046,-7.549,128.147,187.026,129.89,184.29,130.6,185.94,129.58,182.77,4,r,3.244,C:\Users\alex2\Desktop\openMV\results\semi_auto_calibration_20260508_203926\frame_01.json,C:\Users\alex2\Desktop\openMV\results\semi_auto_calibration_20260508_203926,
20260508_203926,9,197.299,11.244,76.999,154.379,75.67,154.13,76.21,155.59,75.77,152.96,4,r,1.352,C:\Users\alex2\Desktop\openMV\results\semi_auto_calibration_20260508_203926\frame_01.json,C:\Users\alex2\Desktop\openMV\results\semi_auto_calibration_20260508_203926,
20260508_203926,10,256.672,12.732,71.391,52.228,73.44,51.33,73.98,52.17,73.94,51.04,6,b,2.237,C:\Users\alex2\Desktop\openMV\results\semi_auto_calibration_20260508_203926\frame_01.json,C:\Users\alex2\Desktop\openMV\results\semi_auto_calibration_20260508_203926,
20260508_203926,11,173.441,16.153,64.553,196.9,60.64,195.78,61.14,197.5,61.07,194.09,5,b,4.07,C:\Users\alex2\Desktop\openMV\results\semi_auto_calibration_20260508_203926\frame_01.json,C:\Users\alex2\Desktop\openMV\results\semi_auto_calibration_20260508_203926,
20260508_203926,12,220.944,17.62,59.535,113.109,59.36,114.7,59.86,115.93,59.53,113.49,4,r,1.601,C:\Users\alex2\Desktop\openMV\results\semi_auto_calibration_20260508_203926\frame_01.json,C:\Users\alex2\Desktop\openMV\results\semi_auto_calibration_20260508_203926,
20260508_204103,1,267.706,-37.479,201.942,32.509,202.02,32.17,202.95,32.9,200.83,31.71,3,b,0.348,C:\Users\alex2\Desktop\openMV\results\semi_auto_calibration_20260508_204103\frame_01.json,C:\Users\alex2\Desktop\openMV\results\semi_auto_calibration_20260508_204103,
20260508_204103,2,218.722,-36.937,204.654,116.534,204.59,118.39,205.52,119.64,204.08,117.87,2,b,1.858,C:\Users\alex2\Desktop\openMV\results\semi_auto_calibration_20260508_204103\frame_01.json,C:\Users\alex2\Desktop\openMV\results\semi_auto_calibration_20260508_204103,
20260508_204103,3,178.174,-36.64,207.404,188.853,212.0,188.78,212.95,190.45,211.63,187.35,2,b,4.597,C:\Users\alex2\Desktop\openMV\results\semi_auto_calibration_20260508_204103\frame_01.json,C:\Users\alex2\Desktop\openMV\results\semi_auto_calibration_20260508_204103,
20260508_204103,4,243.498,-30.447,185.283,73.707,186.24,74.6,187.12,75.59,185.74,74.17,3,b,1.309,C:\Users\alex2\Desktop\openMV\results\semi_auto_calibration_20260508_204103\frame_01.json,C:\Users\alex2\Desktop\openMV\results\semi_auto_calibration_20260508_204103,
20260508_204103,5,205.653,-17.258,152.742,139.611,155.76,141.07,156.55,142.45,154.94,139.95,2,b,3.353,C:\Users\alex2\Desktop\openMV\results\semi_auto_calibration_20260508_204103\frame_01.json,C:\Users\alex2\Desktop\openMV\results\semi_auto_calibration_20260508_204103,
20260508_204103,6,179.174,-10.647,136.521,186.821,139.38,184.76,140.12,186.41,138.71,183.01,3,b,3.524,C:\Users\alex2\Desktop\openMV\results\semi_auto_calibration_20260508_204103\frame_01.json,C:\Users\alex2\Desktop\openMV\results\semi_auto_calibration_20260508_204103,
20260508_204103,7,255.173,-9.788,130.075,54.264,132.39,52.65,133.11,53.5,133.23,52.33,4,r,2.822,C:\Users\alex2\Desktop\openMV\results\semi_auto_calibration_20260508_204103\frame_01.json,C:\Users\alex2\Desktop\openMV\results\semi_auto_calibration_20260508_204103,
20260508_204103,8,228.349,-9.335,130.299,100.054,132.8,100.14,133.52,101.28,132.82,99.63,2,b,2.502,C:\Users\alex2\Desktop\openMV\results\semi_auto_calibration_20260508_204103\frame_01.json,C:\Users\alex2\Desktop\openMV\results\semi_auto_calibration_20260508_204103,
20260508_204103,9,242.623,10.594,77.347,75.893,78.7,77.65,79.26,78.65,79.03,76.62,2,b,2.217,C:\Users\alex2\Desktop\openMV\results\semi_auto_calibration_20260508_204103\frame_01.json,C:\Users\alex2\Desktop\openMV\results\semi_auto_calibration_20260508_204103,
20260508_204103,10,266.835,10.615,76.577,35.206,79.02,33.16,79.58,33.89,79.46,32.5,3,b,3.186,C:\Users\alex2\Desktop\openMV\results\semi_auto_calibration_20260508_204103\frame_01.json,C:\Users\alex2\Desktop\openMV\results\semi_auto_calibration_20260508_204103,
20260508_204103,11,213.477,15.184,66.119,126.035,65.03,127.16,65.54,128.46,65.51,126.58,2,b,1.566,C:\Users\alex2\Desktop\openMV\results\semi_auto_calibration_20260508_204103\frame_01.json,C:\Users\alex2\Desktop\openMV\results\semi_auto_calibration_20260508_204103,
20260508_204103,12,186.898,16.547,63.167,172.802,,,,,,,,,,C:\Users\alex2\Desktop\openMV\results\semi_auto_calibration_20260508_204103\frame_01.json,C:\Users\alex2\Desktop\openMV\results\semi_auto_calibration_20260508_204103,
20260508_204232,1,264.98,-37.541,202.333,37.09,201.57,36.74,202.5,37.5,200.97,36.38,5,b,0.84,C:\Users\alex2\Desktop\openMV\results\semi_auto_calibration_20260508_204232\frame_01.json,C:\Users\alex2\Desktop\openMV\results\semi_auto_calibration_20260508_204232,
20260508_204232,2,211.309,-36.909,205.22,129.563,205.01,132.57,205.95,133.9,204.1,131.63,5,b,3.014,C:\Users\alex2\Desktop\openMV\results\semi_auto_calibration_20260508_204232\frame_01.json,C:\Users\alex2\Desktop\openMV\results\semi_auto_calibration_20260508_204232,
20260508_204232,3,178.088,-32.465,195.978,188.972,199.86,187.83,200.78,189.5,199.02,186.55,5,b,4.047,C:\Users\alex2\Desktop\openMV\results\semi_auto_calibration_20260508_204232\frame_01.json,C:\Users\alex2\Desktop\openMV\results\semi_auto_calibration_20260508_204232,
20260508_204232,4,242.322,-20.93,160.149,75.881,162.21,75.81,163.01,76.8,161.55,74.99,1,r,2.062,C:\Users\alex2\Desktop\openMV\results\semi_auto_calibration_20260508_204232\frame_01.json,C:\Users\alex2\Desktop\openMV\results\semi_auto_calibration_20260508_204232,
20260508_204232,5,264.292,-12.107,135.647,38.881,136.78,36.82,137.51,37.57,136.75,36.89,1,r,2.352,C:\Users\alex2\Desktop\openMV\results\semi_auto_calibration_20260508_204232\frame_01.json,C:\Users\alex2\Desktop\openMV\results\semi_auto_calibration_20260508_204232,
20260508_204232,6,172.673,-9.596,134.041,198.566,136.7,195.45,137.43,197.17,136.76,193.9,4,r,4.097,C:\Users\alex2\Desktop\openMV\results\semi_auto_calibration_20260508_204232\frame_01.json,C:\Users\alex2\Desktop\openMV\results\semi_auto_calibration_20260508_204232,
20260508_204232,7,218.028,-8.551,128.766,117.96,130.65,118.35,131.37,119.6,130.68,117.58,6,b,1.924,C:\Users\alex2\Desktop\openMV\results\semi_auto_calibration_20260508_204232\frame_01.json,C:\Users\alex2\Desktop\openMV\results\semi_auto_calibration_20260508_204232,
20260508_204232,8,195.14,2.522,100.323,158.21,100.87,158.01,101.5,159.49,100.76,156.78,4,r,0.582,C:\Users\alex2\Desktop\openMV\results\semi_auto_calibration_20260508_204232\frame_01.json,C:\Users\alex2\Desktop\openMV\results\semi_auto_calibration_20260508_204232,
20260508_204232,9,242.214,7.083,86.523,76.53,88.01,77.4,88.6,78.4,88.56,76.23,5,b,1.722,C:\Users\alex2\Desktop\openMV\results\semi_auto_calibration_20260508_204232\frame_01.json,C:\Users\alex2\Desktop\openMV\results\semi_auto_calibration_20260508_204232,
20260508_204232,10,173.417,15.474,66.374,196.951,63.13,195.27,63.64,196.98,63.83,193.41,2,b,3.654,C:\Users\alex2\Desktop\openMV\results\semi_auto_calibration_20260508_204232\frame_01.json,C:\Users\alex2\Desktop\openMV\results\semi_auto_calibration_20260508_204232,
20260508_204232,11,266.429,16.622,61.105,36.033,62.18,34.73,62.68,35.48,62.25,34.38,4,r,1.689,C:\Users\alex2\Desktop\openMV\results\semi_auto_calibration_20260508_204232\frame_01.json,C:\Users\alex2\Desktop\openMV\results\semi_auto_calibration_20260508_204232,
20260508_204232,12,219.483,17.963,58.667,115.637,57.49,119.32,57.99,120.58,57.47,118.02,4,r,3.867,C:\Users\alex2\Desktop\openMV\results\semi_auto_calibration_20260508_204232\frame_01.json,C:\Users\alex2\Desktop\openMV\results\semi_auto_calibration_20260508_204232,
20260508_204348,1,177.797,-36.987,208.389,189.541,210.03,188.18,210.98,189.85,208.81,187.04,6,b,2.132,C:\Users\alex2\Desktop\openMV\results\semi_auto_calibration_20260508_204348\frame_01.json,C:\Users\alex2\Desktop\openMV\results\semi_auto_calibration_20260508_204348,
20260508_204348,2,230.779,-36.153,201.52,95.532,202.66,96.31,203.6,97.43,201.54,96.03,2,b,1.381,C:\Users\alex2\Desktop\openMV\results\semi_auto_calibration_20260508_204348\frame_01.json,C:\Users\alex2\Desktop\openMV\results\semi_auto_calibration_20260508_204348,
20260508_204348,3,264.451,-36.002,198.318,38.02,198.94,38.16,199.86,38.93,197.67,37.35,3,b,0.638,C:\Users\alex2\Desktop\openMV\results\semi_auto_calibration_20260508_204348\frame_01.json,C:\Users\alex2\Desktop\openMV\results\semi_auto_calibration_20260508_204348,
20260508_204348,4,203.276,-34.525,199.462,143.782,197.2,145.09,198.11,146.5,196.09,144.69,2,b,2.613,C:\Users\alex2\Desktop\openMV\results\semi_auto_calibration_20260508_204348\frame_01.json,C:\Users\alex2\Desktop\openMV\results\semi_auto_calibration_20260508_204348,
20260508_204348,5,184.977,-14.196,145.782,176.405,148.82,174.64,149.58,176.23,148.34,173.68,4,r,3.513,C:\Users\alex2\Desktop\openMV\results\semi_auto_calibration_20260508_204348\frame_01.json,C:\Users\alex2\Desktop\openMV\results\semi_auto_calibration_20260508_204348,
20260508_204348,6,240.516,-12.598,138.255,79.105,141.02,79.37,141.77,80.38,140.84,79.12,5,b,2.778,C:\Users\alex2\Desktop\openMV\results\semi_auto_calibration_20260508_204348\frame_01.json,C:\Users\alex2\Desktop\openMV\results\semi_auto_calibration_20260508_204348,
20260508_204348,7,265.498,-11.696,134.509,36.872,136.77,34.54,137.5,35.29,136.93,34.11,5,b,3.248,C:\Users\alex2\Desktop\openMV\results\semi_auto_calibration_20260508_204348\frame_01.json,C:\Users\alex2\Desktop\openMV\results\semi_auto_calibration_20260508_204348,
20260508_204348,8,209.0,-11.193,136.3,133.738,138.81,134.86,139.55,136.21,138.39,134.32,2,b,2.75,C:\Users\alex2\Desktop\openMV\results\semi_auto_calibration_20260508_204348\frame_01.json,C:\Users\alex2\Desktop\openMV\results\semi_auto_calibration_20260508_204348,
20260508_204348,9,185.536,9.944,80.832,175.265,79.44,174.59,80.0,176.17,79.46,172.77,5,b,1.547,C:\Users\alex2\Desktop\openMV\results\semi_auto_calibration_20260508_204348\frame_01.json,C:\Users\alex2\Desktop\openMV\results\semi_auto_calibration_20260508_204348,
20260508_204348,10,236.403,10.558,77.627,86.483,78.94,86.44,79.5,87.5,78.48,85.65,5,b,1.313,C:\Users\alex2\Desktop\openMV\results\semi_auto_calibration_20260508_204348\frame_01.json,C:\Users\alex2\Desktop\openMV\results\semi_auto_calibration_20260508_204348,
20260508_204348,11,265.16,12.342,72.168,38.036,75.02,35.73,75.56,36.48,75.43,35.07,2,b,3.668,C:\Users\alex2\Desktop\openMV\results\semi_auto_calibration_20260508_204348\frame_01.json,C:\Users\alex2\Desktop\openMV\results\semi_auto_calibration_20260508_204348,
20260508_204348,12,213.19,13.86,69.617,126.527,68.97,127.2,69.5,128.5,69.57,125.7,5,b,0.934,C:\Users\alex2\Desktop\openMV\results\semi_auto_calibration_20260508_204348\frame_01.json,C:\Users\alex2\Desktop\openMV\results\semi_auto_calibration_20260508_204348,
20260508_204514,1,244.795,-37.663,204.361,71.36,197.13,70.35,198.04,71.31,196.05,70.41,2,b,7.301,C:\Users\alex2\Desktop\openMV\results\semi_auto_calibration_20260508_204514\frame_01.json,C:\Users\alex2\Desktop\openMV\results\semi_auto_calibration_20260508_204514,
20260508_204514,2,219.205,-36.258,202.785,115.693,201.9,117.36,202.83,118.6,200.58,116.15,6,b,1.887,C:\Users\alex2\Desktop\openMV\results\semi_auto_calibration_20260508_204514\frame_01.json,C:\Users\alex2\Desktop\openMV\results\semi_auto_calibration_20260508_204514,
20260508_204514,3,173.371,-34.212,201.166,197.567,206.09,195.54,207.03,197.25,205.55,195.26,1,r,5.325,C:\Users\alex2\Desktop\openMV\results\semi_auto_calibration_20260508_204514\frame_01.json,C:\Users\alex2\Desktop\openMV\results\semi_auto_calibration_20260508_204514,
20260508_204514,4,267.861,-30.786,184.32,32.425,185.18,30.05,186.06,30.76,184.62,30.18,5,b,2.526,C:\Users\alex2\Desktop\openMV\results\semi_auto_calibration_20260508_204514\frame_01.json,C:\Users\alex2\Desktop\openMV\results\semi_auto_calibration_20260508_204514,
20260508_204514,5,194.881,-22.796,168.382,158.716,173.28,159.01,174.12,160.5,172.05,158.66,1,r,4.906,C:\Users\alex2\Desktop\openMV\results\semi_auto_calibration_20260508_204514\frame_01.json,C:\Users\alex2\Desktop\openMV\results\semi_auto_calibration_20260508_204514,
20260508_204514,6,228.355,-13.401,141.073,99.998,137.15,101.16,137.88,102.3,136.58,100.76,1,r,4.091,C:\Users\alex2\Desktop\openMV\results\semi_auto_calibration_20260508_204514\frame_01.json,C:\Users\alex2\Desktop\openMV\results\semi_auto_calibration_20260508_204514,
20260508_204514,7,172.192,-7.665,128.828,199.417,129.79,195.57,130.5,197.29,129.2,194.0,5,b,3.965,C:\Users\alex2\Desktop\openMV\results\semi_auto_calibration_20260508_204514\frame_01.json,C:\Users\alex2\Desktop\openMV\results\semi_auto_calibration_20260508_204514,
20260508_204514,8,265.401,-4.785,116.52,37.208,120.05,33.32,120.74,34.06,120.07,33.33,1,r,5.251,C:\Users\alex2\Desktop\openMV\results\semi_auto_calibration_20260508_204514\frame_01.json,C:\Users\alex2\Desktop\openMV\results\semi_auto_calibration_20260508_204514,
20260508_204514,9,193.604,2.094,101.53,160.936,100.64,162.65,101.26,164.17,100.87,160.97,1,r,1.932,C:\Users\alex2\Desktop\openMV\results\semi_auto_calibration_20260508_204514\frame_01.json,C:\Users\alex2\Desktop\openMV\results\semi_auto_calibration_20260508_204514,
20260508_204514,10,242.752,10.956,76.399,75.68,78.56,75.6,79.12,76.59,78.57,74.98,5,b,2.162,C:\Users\alex2\Desktop\openMV\results\semi_auto_calibration_20260508_204514\frame_01.json,C:\Users\alex2\Desktop\openMV\results\semi_auto_calibration_20260508_204514,
20260508_204514,11,215.941,17.094,61.031,121.766,60.17,122.05,60.67,123.32,60.71,121.45,6,b,0.907,C:\Users\alex2\Desktop\openMV\results\semi_auto_calibration_20260508_204514\frame_01.json,C:\Users\alex2\Desktop\openMV\results\semi_auto_calibration_20260508_204514,
20260508_204514,12,173.187,17.529,60.871,197.343,62.99,188.83,63.5,190.5,57.01,192.99,3,b,8.773,C:\Users\alex2\Desktop\openMV\results\semi_auto_calibration_20260508_204514\frame_01.json,C:\Users\alex2\Desktop\openMV\results\semi_auto_calibration_20260508_204514,
20260508_204635,1,172.054,-36.882,208.616,199.999,211.41,199.48,212.37,201.22,210.3,198.32,4,r,2.842,C:\Users\alex2\Desktop\openMV\results\semi_auto_calibration_20260508_204635\frame_01.json,C:\Users\alex2\Desktop\openMV\results\semi_auto_calibration_20260508_204635,
20260508_204635,2,223.924,-35.302,199.816,107.457,199.04,108.07,199.96,109.26,198.39,107.93,1,r,0.989,C:\Users\alex2\Desktop\openMV\results\semi_auto_calibration_20260508_204635\frame_01.json,C:\Users\alex2\Desktop\openMV\results\semi_auto_calibration_20260508_204635,
20260508_204635,3,248.781,-34.704,196.164,64.601,196.96,64.95,197.88,65.88,196.64,64.34,2,b,0.869,C:\Users\alex2\Desktop\openMV\results\semi_auto_calibration_20260508_204635\frame_01.json,C:\Users\alex2\Desktop\openMV\results\semi_auto_calibration_20260508_204635,
20260508_204635,4,198.163,-32.622,194.733,152.876,196.65,152.17,197.57,153.62,195.98,151.93,1,r,2.043,C:\Users\alex2\Desktop\openMV\results\semi_auto_calibration_20260508_204635\frame_01.json,C:\Users\alex2\Desktop\openMV\results\semi_auto_calibration_20260508_204635,
20260508_204635,5,266.825,-18.303,151.681,34.484,153.35,32.89,154.13,33.62,152.58,32.67,6,b,2.308,C:\Users\alex2\Desktop\openMV\results\semi_auto_calibration_20260508_204635\frame_01.json,C:\Users\alex2\Desktop\openMV\results\semi_auto_calibration_20260508_204635,
20260508_204635,6,173.576,-12.706,142.433,196.963,144.43,193.72,145.19,195.42,144.03,191.98,6,b,3.808,C:\Users\alex2\Desktop\openMV\results\semi_auto_calibration_20260508_204635\frame_01.json,C:\Users\alex2\Desktop\openMV\results\semi_auto_calibration_20260508_204635,
20260508_204635,7,238.036,-11.765,136.196,83.363,139.01,83.37,139.75,84.41,138.99,82.61,2,b,2.814,C:\Users\alex2\Desktop\openMV\results\semi_auto_calibration_20260508_204635\frame_01.json,C:\Users\alex2\Desktop\openMV\results\semi_auto_calibration_20260508_204635,
20260508_204635,8,209.094,-4.476,118.373,133.598,119.72,134.26,120.4,135.6,119.88,132.77,3,b,1.501,C:\Users\alex2\Desktop\openMV\results\semi_auto_calibration_20260508_204635\frame_01.json,C:\Users\alex2\Desktop\openMV\results\semi_auto_calibration_20260508_204635,
20260508_204635,9,254.569,8.839,81.547,55.676,84.25,55.39,84.82,56.26,84.53,54.82,4,r,2.718,C:\Users\alex2\Desktop\openMV\results\semi_auto_calibration_20260508_204635\frame_01.json,C:\Users\alex2\Desktop\openMV\results\semi_auto_calibration_20260508_204635,
20260508_204635,10,176.007,10.863,78.673,192.334,76.89,189.96,77.45,191.64,77.53,188.39,1,r,2.969,C:\Users\alex2\Desktop\openMV\results\semi_auto_calibration_20260508_204635\frame_01.json,C:\Users\alex2\Desktop\openMV\results\semi_auto_calibration_20260508_204635,
20260508_204635,11,230.407,12.16,73.61,96.764,73.68,98.37,74.22,99.5,74.16,98.1,3,b,1.608,C:\Users\alex2\Desktop\openMV\results\semi_auto_calibration_20260508_204635\frame_01.json,C:\Users\alex2\Desktop\openMV\results\semi_auto_calibration_20260508_204635,
20260508_204635,12,200.652,17.773,59.588,148.47,57.84,150.59,58.34,152.03,57.7,149.7,2,b,2.748,C:\Users\alex2\Desktop\openMV\results\semi_auto_calibration_20260508_204635\frame_01.json,C:\Users\alex2\Desktop\openMV\results\semi_auto_calibration_20260508_204635,
20260508_204822,1,173.304,-37.852,211.169,197.729,213.37,196.49,214.34,198.21,212.08,195.33,4,r,2.525,C:\Users\alex2\Desktop\openMV\results\semi_auto_calibration_20260508_204822\frame_01.json,C:\Users\alex2\Desktop\openMV\results\semi_auto_calibration_20260508_204822,
20260508_204822,2,266.411,-36.079,198.36,34.721,196.59,33.76,197.5,34.5,195.7,33.89,5,b,2.014,C:\Users\alex2\Desktop\openMV\results\semi_auto_calibration_20260508_204822\frame_01.json,C:\Users\alex2\Desktop\openMV\results\semi_auto_calibration_20260508_204822,
20260508_204822,3,241.71,-29.537,183.004,76.786,184.24,77.41,185.12,78.41,183.42,76.78,5,b,1.385,C:\Users\alex2\Desktop\openMV\results\semi_auto_calibration_20260508_204822\frame_01.json,C:\Users\alex2\Desktop\openMV\results\semi_auto_calibration_20260508_204822,
20260508_204822,4,200.489,-27.894,181.749,148.737,185.5,150.93,186.38,152.38,184.3,150.45,2,b,4.345,C:\Users\alex2\Desktop\openMV\results\semi_auto_calibration_20260508_204822\frame_01.json,C:\Users\alex2\Desktop\openMV\results\semi_auto_calibration_20260508_204822,
20260508_204822,5,221.76,-15.346,146.631,111.41,144.13,112.2,144.88,113.41,143.72,111.71,5,b,2.623,C:\Users\alex2\Desktop\openMV\results\semi_auto_calibration_20260508_204822\frame_01.json,C:\Users\alex2\Desktop\openMV\results\semi_auto_calibration_20260508_204822,
20260508_204822,6,174.751,-13.712,145.095,194.844,147.76,192.16,148.53,193.85,147.36,190.83,4,r,3.782,C:\Users\alex2\Desktop\openMV\results\semi_auto_calibration_20260508_204822\frame_01.json,C:\Users\alex2\Desktop\openMV\results\semi_auto_calibration_20260508_204822,
20260508_204822,7,259.299,-13.553,139.703,47.229,142.25,45.86,143.0,46.67,142.4,45.91,5,b,2.892,C:\Users\alex2\Desktop\openMV\results\semi_auto_calibration_20260508_204822\frame_01.json,C:\Users\alex2\Desktop\openMV\results\semi_auto_calibration_20260508_204822,
20260508_204822,8,200.001,-1.397,110.584,149.611,109.4,148.67,110.05,150.1,109.06,147.16,3,b,1.513,C:\Users\alex2\Desktop\openMV\results\semi_auto_calibration_20260508_204822\frame_01.json,C:\Users\alex2\Desktop\openMV\results\semi_auto_calibration_20260508_204822,
20260508_204822,9,244.012,9.073,81.271,73.51,84.42,73.03,85.0,74.0,84.91,72.22,3,b,3.186,C:\Users\alex2\Desktop\openMV\results\semi_auto_calibration_20260508_204822\frame_01.json,C:\Users\alex2\Desktop\openMV\results\semi_auto_calibration_20260508_204822,
20260508_204822,10,180.867,12.529,74.059,183.595,72.46,181.87,73.0,183.5,72.37,181.03,3,b,2.353,C:\Users\alex2\Desktop\openMV\results\semi_auto_calibration_20260508_204822\frame_01.json,C:\Users\alex2\Desktop\openMV\results\semi_auto_calibration_20260508_204822,
20260508_204822,11,217.89,15.918,64.077,118.379,64.63,119.55,65.14,120.81,64.27,118.32,5,b,1.295,C:\Users\alex2\Desktop\openMV\results\semi_auto_calibration_20260508_204822\frame_01.json,C:\Users\alex2\Desktop\openMV\results\semi_auto_calibration_20260508_204822,
20260508_204822,12,267.097,16.641,61.041,34.923,63.12,33.92,63.63,34.66,63.39,33.61,4,r,2.308,C:\Users\alex2\Desktop\openMV\results\semi_auto_calibration_20260508_204822\frame_01.json,C:\Users\alex2\Desktop\openMV\results\semi_auto_calibration_20260508_204822,
20260508_204954,1,215.086,-37.049,205.27,122.913,204.67,126.31,205.61,127.61,203.73,125.47,4,r,3.45,C:\Users\alex2\Desktop\openMV\results\semi_auto_calibration_20260508_204954\frame_01.json,C:\Users\alex2\Desktop\openMV\results\semi_auto_calibration_20260508_204954,
20260508_204954,2,172.131,-36.71,208.136,199.857,214.19,199.43,215.16,201.17,213.15,198.28,4,r,6.069,C:\Users\alex2\Desktop\openMV\results\semi_auto_calibration_20260508_204954\frame_01.json,C:\Users\alex2\Desktop\openMV\results\semi_auto_calibration_20260508_204954,
20260508_204954,3,246.809,-34.719,196.365,67.968,197.03,68.96,197.95,69.91,196.11,69.08,6,b,1.195,C:\Users\alex2\Desktop\openMV\results\semi_auto_calibration_20260508_204954\frame_01.json,C:\Users\alex2\Desktop\openMV\results\semi_auto_calibration_20260508_204954,
20260508_204954,4,192.817,-24.168,172.243,162.404,176.71,162.11,177.57,163.62,175.51,160.98,1,r,4.477,C:\Users\alex2\Desktop\openMV\results\semi_auto_calibration_20260508_204954\frame_01.json,C:\Users\alex2\Desktop\openMV\results\semi_auto_calibration_20260508_204954,
20260508_204954,5,229.948,-16.974,150.458,97.204,153.19,99.02,153.98,100.15,152.69,98.17,4,r,3.281,C:\Users\alex2\Desktop\openMV\results\semi_auto_calibration_20260508_204954\frame_01.json,C:\Users\alex2\Desktop\openMV\results\semi_auto_calibration_20260508_204954,
20260508_204954,6,264.311,-10.793,132.218,38.882,135.96,36.21,136.69,36.96,136.24,36.18,1,r,4.598,C:\Users\alex2\Desktop\openMV\results\semi_auto_calibration_20260508_204954\frame_01.json,C:\Users\alex2\Desktop\openMV\results\semi_auto_calibration_20260508_204954,
20260508_204954,7,172.909,-5.152,121.98,198.09,123.61,194.6,124.3,196.31,123.74,192.95,4,r,3.852,C:\Users\alex2\Desktop\openMV\results\semi_auto_calibration_20260508_204954\frame_01.json,C:\Users\alex2\Desktop\openMV\results\semi_auto_calibration_20260508_204954,
20260508_204954,8,206.693,-4.971,119.809,137.812,120.49,136.45,121.18,137.8,120.64,135.8,2,b,1.523,C:\Users\alex2\Desktop\openMV\results\semi_auto_calibration_20260508_204954\frame_01.json,C:\Users\alex2\Desktop\openMV\results\semi_auto_calibration_20260508_204954,
20260508_204954,9,244.144,6.836,87.103,73.248,89.73,74.14,90.32,75.12,89.64,73.38,4,r,2.775,C:\Users\alex2\Desktop\openMV\results\semi_auto_calibration_20260508_204954\frame_01.json,C:\Users\alex2\Desktop\openMV\results\semi_auto_calibration_20260508_204954,
20260508_204954,10,190.226,12.164,74.76,166.904,73.55,166.45,74.1,167.99,73.31,164.67,1,r,1.293,C:\Users\alex2\Desktop\openMV\results\semi_auto_calibration_20260508_204954\frame_01.json,C:\Users\alex2\Desktop\openMV\results\semi_auto_calibration_20260508_204954,
20260508_204954,11,266.644,14.065,67.686,35.611,72.39,33.11,72.93,33.84,72.06,33.04,1,r,5.328,C:\Users\alex2\Desktop\openMV\results\semi_auto_calibration_20260508_204954\frame_01.json,C:\Users\alex2\Desktop\openMV\results\semi_auto_calibration_20260508_204954,
20260508_204954,12,220.715,14.076,68.848,113.475,68.12,116.17,68.65,117.4,67.96,115.13,4,r,2.792,C:\Users\alex2\Desktop\openMV\results\semi_auto_calibration_20260508_204954\frame_01.json,C:\Users\alex2\Desktop\openMV\results\semi_auto_calibration_20260508_204954,
20260508_205126,1,265.934,-37.5,202.145,35.486,200.66,35.32,201.58,36.06,199.59,35.07,4,r,1.495,C:\Users\alex2\Desktop\openMV\results\semi_auto_calibration_20260508_205126\frame_01.json,C:\Users\alex2\Desktop\openMV\results\semi_auto_calibration_20260508_205126,
20260508_205126,2,179.286,-37.397,209.379,186.841,213.44,186.74,214.4,188.4,212.81,185.23,5,b,4.062,C:\Users\alex2\Desktop\openMV\results\semi_auto_calibration_20260508_205126\frame_01.json,C:\Users\alex2\Desktop\openMV\results\semi_auto_calibration_20260508_205126,
20260508_205126,3,221.859,-34.326,197.369,111.069,199.34,114.52,200.26,115.74,198.45,113.08,1,r,3.974,C:\Users\alex2\Desktop\openMV\results\semi_auto_calibration_20260508_205126\frame_01.json,C:\Users\alex2\Desktop\openMV\results\semi_auto_calibration_20260508_205126,
20260508_205126,4,244.975,-27.131,176.379,71.239,178.14,72.36,179.0,73.33,177.07,71.55,5,b,2.088,C:\Users\alex2\Desktop\openMV\results\semi_auto_calibration_20260508_205126\frame_01.json,C:\Users\alex2\Desktop\openMV\results\semi_auto_calibration_20260508_205126,
20260508_205126,5,202.78,-18.029,154.997,144.685,157.89,145.14,158.69,146.55,157.01,144.82,1,r,2.929,C:\Users\alex2\Desktop\openMV\results\semi_auto_calibration_20260508_205126\frame_01.json,C:\Users\alex2\Desktop\openMV\results\semi_auto_calibration_20260508_205126,
20260508_205126,6,177.889,-10.686,136.7,189.14,143.31,185.66,144.06,187.31,143.08,185.09,3,b,7.47,C:\Users\alex2\Desktop\openMV\results\semi_auto_calibration_20260508_205126\frame_01.json,C:\Users\alex2\Desktop\openMV\results\semi_auto_calibration_20260508_205126,
20260508_205126,7,229.459,-9.695,131.193,98.135,134.25,99.27,134.98,100.4,134.44,98.04,6,b,3.261,C:\Users\alex2\Desktop\openMV\results\semi_auto_calibration_20260508_205126\frame_01.json,C:\Users\alex2\Desktop\openMV\results\semi_auto_calibration_20260508_205126,
20260508_205126,8,262.623,-7.269,123.118,41.795,126.32,39.29,127.03,40.06,126.98,38.76,6,b,4.065,C:\Users\alex2\Desktop\openMV\results\semi_auto_calibration_20260508_205126\frame_01.json,C:\Users\alex2\Desktop\openMV\results\semi_auto_calibration_20260508_205126,
20260508_205126,9,200.071,5.326,92.652,149.489,113.1,145.12,113.76,146.52,112.84,143.75,4,r,20.909,C:\Users\alex2\Desktop\openMV\results\semi_auto_calibration_20260508_205126\frame_01.json,C:\Users\alex2\Desktop\openMV\results\semi_auto_calibration_20260508_205126,
20260508_205126,10,174.898,12.559,74.154,194.313,70.75,190.61,71.28,192.29,69.74,190.21,4,r,5.03,C:\Users\alex2\Desktop\openMV\results\semi_auto_calibration_20260508_205126\frame_01.json,C:\Users\alex2\Desktop\openMV\results\semi_auto_calibration_20260508_205126,
20260508_205126,11,267.91,15.899,62.932,33.555,61.74,32.26,62.24,32.99,61.73,31.87,4,r,1.76,C:\Users\alex2\Desktop\openMV\results\semi_auto_calibration_20260508_205126\frame_01.json,C:\Users\alex2\Desktop\openMV\results\semi_auto_calibration_20260508_205126,
20260508_205126,12,222.891,15.924,63.94,109.733,62.7,111.57,63.21,112.78,62.82,110.53,6,b,2.216,C:\Users\alex2\Desktop\openMV\results\semi_auto_calibration_20260508_205126\frame_01.json,C:\Users\alex2\Desktop\openMV\results\semi_auto_calibration_20260508_205126,
20260508_205246,1,175.886,-36.401,206.952,193.01,207.13,191.15,208.08,192.84,205.98,190.22,4,r,1.868,C:\Users\alex2\Desktop\openMV\results\semi_auto_calibration_20260508_205246\frame_01.json,C:\Users\alex2\Desktop\openMV\results\semi_auto_calibration_20260508_205246,
20260508_205246,2,236.096,-32.422,191.117,86.392,186.12,86.94,187.0,88.0,185.22,86.64,3,b,5.027,C:\Users\alex2\Desktop\openMV\results\semi_auto_calibration_20260508_205246\frame_01.json,C:\Users\alex2\Desktop\openMV\results\semi_auto_calibration_20260508_205246,
20260508_205246,3,200.871,-32.154,193.242,148.056,192.76,150.26,193.66,151.7,191.53,149.03,2,b,2.256,C:\Users\alex2\Desktop\openMV\results\semi_auto_calibration_20260508_205246\frame_01.json,C:\Users\alex2\Desktop\openMV\results\semi_auto_calibration_20260508_205246,
20260508_205246,4,265.044,-32.027,187.799,37.122,189.84,36.87,190.73,37.63,188.61,36.61,1,r,2.057,C:\Users\alex2\Desktop\openMV\results\semi_auto_calibration_20260508_205246\frame_01.json,C:\Users\alex2\Desktop\openMV\results\semi_auto_calibration_20260508_205246,
20260508_205246,5,251.27,-12.777,138.121,60.801,140.3,59.42,141.05,60.31,140.64,58.67,2,b,2.58,C:\Users\alex2\Desktop\openMV\results\semi_auto_calibration_20260508_205246\frame_01.json,C:\Users\alex2\Desktop\openMV\results\semi_auto_calibration_20260508_205246,
20260508_205246,6,172.513,-12.111,140.88,198.884,141.48,194.77,142.22,196.48,141.78,193.21,2,b,4.158,C:\Users\alex2\Desktop\openMV\results\semi_auto_calibration_20260508_205246\frame_01.json,C:\Users\alex2\Desktop\openMV\results\semi_auto_calibration_20260508_205246,
20260508_205246,7,220.526,-8.555,128.645,113.614,129.79,113.78,130.5,115.0,129.6,113.14,3,b,1.157,C:\Users\alex2\Desktop\openMV\results\semi_auto_calibration_20260508_205246\frame_01.json,C:\Users\alex2\Desktop\openMV\results\semi_auto_calibration_20260508_205246,
20260508_205246,8,196.083,-8.039,128.56,156.553,129.29,156.03,130.0,157.5,129.32,155.21,1,r,0.898,C:\Users\alex2\Desktop\openMV\results\semi_auto_calibration_20260508_205246\frame_01.json,C:\Users\alex2\Desktop\openMV\results\semi_auto_calibration_20260508_205246,
20260508_205246,9,267.785,4.134,93.291,33.46,97.34,30.37,97.95,31.09,97.79,30.21,2,b,5.093,C:\Users\alex2\Desktop\openMV\results\semi_auto_calibration_20260508_205246\frame_01.json,C:\Users\alex2\Desktop\openMV\results\semi_auto_calibration_20260508_205246,
20260508_205246,10,202.534,14.837,67.317,145.161,62.41,144.48,62.92,145.89,62.4,143.19,6,b,4.954,C:\Users\alex2\Desktop\openMV\results\semi_auto_calibration_20260508_205246\frame_01.json,C:\Users\alex2\Desktop\openMV\results\semi_auto_calibration_20260508_205246,
20260508_205246,11,176.428,15.07,67.378,191.537,65.19,192.18,65.71,193.87,65.05,191.08,2,b,2.281,C:\Users\alex2\Desktop\openMV\results\semi_auto_calibration_20260508_205246\frame_01.json,C:\Users\alex2\Desktop\openMV\results\semi_auto_calibration_20260508_205246,
20260508_205246,12,227.408,17.961,58.499,101.978,58.32,104.3,58.81,105.47,58.97,103.48,1,r,2.329,C:\Users\alex2\Desktop\openMV\results\semi_auto_calibration_20260508_205246\frame_01.json,C:\Users\alex2\Desktop\openMV\results\semi_auto_calibration_20260508_205246,
20260508_205350,1,191.545,-34.384,200.076,164.711,201.57,165.18,202.5,166.71,200.33,164.22,5,b,1.566,C:\Users\alex2\Desktop\openMV\results\semi_auto_calibration_20260508_205350\frame_01.json,C:\Users\alex2\Desktop\openMV\results\semi_auto_calibration_20260508_205350,
20260508_205350,2,242.35,-31.59,188.408,75.654,190.61,76.72,191.5,77.71,189.81,76.8,5,b,2.446,C:\Users\alex2\Desktop\openMV\results\semi_auto_calibration_20260508_205350\frame_01.json,C:\Users\alex2\Desktop\openMV\results\semi_auto_calibration_20260508_205350,
20260508_205350,3,266.095,-31.354,185.947,35.373,187.82,34.5,188.7,35.24,186.73,33.84,4,r,2.066,C:\Users\alex2\Desktop\openMV\results\semi_auto_calibration_20260508_205350\frame_01.json,C:\Users\alex2\Desktop\openMV\results\semi_auto_calibration_20260508_205350,
20260508_205350,4,216.738,-29.55,184.956,120.064,180.74,120.34,181.6,121.6,180.48,120.01,3,b,4.225,C:\Users\alex2\Desktop\openMV\results\semi_auto_calibration_20260508_205350\frame_01.json,C:\Users\alex2\Desktop\openMV\results\semi_auto_calibration_20260508_205350,
20260508_205350,5,176.097,-16.689,153.1,192.435,156.49,188.4,157.28,190.07,155.98,187.9,1,r,5.27,C:\Users\alex2\Desktop\openMV\results\semi_auto_calibration_20260508_205350\frame_01.json,C:\Users\alex2\Desktop\openMV\results\semi_auto_calibration_20260508_205350,
20260508_205350,6,230.746,-10.352,132.862,95.908,135.25,95.81,135.98,96.93,135.69,95.02,6,b,2.39,C:\Users\alex2\Desktop\openMV\results\semi_auto_calibration_20260508_205350\frame_01.json,C:\Users\alex2\Desktop\openMV\results\semi_auto_calibration_20260508_205350,
20260508_205350,7,202.914,-10.312,134.283,144.459,137.38,144.18,138.12,145.59,137.39,142.95,3,b,3.11,C:\Users\alex2\Desktop\openMV\results\semi_auto_calibration_20260508_205350\frame_01.json,C:\Users\alex2\Desktop\openMV\results\semi_auto_calibration_20260508_205350,
20260508_205350,8,259.765,-7.576,124.06,46.583,126.17,45.32,126.87,46.13,127.18,44.97,1,r,2.459,C:\Users\alex2\Desktop\openMV\results\semi_auto_calibration_20260508_205350\frame_01.json,C:\Users\alex2\Desktop\openMV\results\semi_auto_calibration_20260508_205350,
20260508_205350,9,172.92,12.329,74.83,197.88,72.84,197.64,73.38,199.37,72.29,196.18,2,b,2.004,C:\Users\alex2\Desktop\openMV\results\semi_auto_calibration_20260508_205350\frame_01.json,C:\Users\alex2\Desktop\openMV\results\semi_auto_calibration_20260508_205350,
20260508_205350,10,228.715,14.111,68.546,99.691,69.0,101.93,69.53,103.08,69.28,100.44,2,b,2.285,C:\Users\alex2\Desktop\openMV\results\semi_auto_calibration_20260508_205350\frame_01.json,C:\Users\alex2\Desktop\openMV\results\semi_auto_calibration_20260508_205350,
20260508_205350,11,199.255,14.552,68.158,150.928,66.98,152.77,67.5,154.22,67.56,150.92,5,b,2.186,C:\Users\alex2\Desktop\openMV\results\semi_auto_calibration_20260508_205350\frame_01.json,C:\Users\alex2\Desktop\openMV\results\semi_auto_calibration_20260508_205350,
20260508_205350,12,255.671,17.562,58.919,54.011,61.74,54.89,62.25,55.75,62.03,53.76,3,b,2.954,C:\Users\alex2\Desktop\openMV\results\semi_auto_calibration_20260508_205350\frame_01.json,C:\Users\alex2\Desktop\openMV\results\semi_auto_calibration_20260508_205350,
20260508_205500,1,222.965,-37.606,206.086,109.108,206.06,111.79,207.0,113.0,205.28,110.9,5,b,2.682,C:\Users\alex2\Desktop\openMV\results\semi_auto_calibration_20260508_205500\frame_01.json,C:\Users\alex2\Desktop\openMV\results\semi_auto_calibration_20260508_205500,
20260508_205500,2,266.863,-34.543,194.278,34.001,194.46,33.72,195.37,34.45,193.73,33.12,2,b,0.335,C:\Users\alex2\Desktop\openMV\results\semi_auto_calibration_20260508_205500\frame_01.json,C:\Users\alex2\Desktop\openMV\results\semi_auto_calibration_20260508_205500,
20260508_205500,3,199.346,-32.869,195.305,150.769,195.59,151.06,196.5,152.5,195.04,149.89,3,b,0.407,C:\Users\alex2\Desktop\openMV\results\semi_auto_calibration_20260508_205500\frame_01.json,C:\Users\alex2\Desktop\openMV\results\semi_auto_calibration_20260508_205500,
20260508_205500,4,175.254,-31.637,193.948,194.112,197.68,192.9,198.6,194.6,197.02,191.73,5,b,3.924,C:\Users\alex2\Desktop\openMV\results\semi_auto_calibration_20260508_205500\frame_01.json,C:\Users\alex2\Desktop\openMV\results\semi_auto_calibration_20260508_205500,
20260508_205500,5,246.149,-20.95,159.95,69.347,162.31,68.64,163.12,69.59,161.29,68.86,3,b,2.464,C:\Users\alex2\Desktop\openMV\results\semi_auto_calibration_20260508_205500\frame_01.json,C:\Users\alex2\Desktop\openMV\results\semi_auto_calibration_20260508_205500,
20260508_205500,6,222.899,-14.14,143.354,109.442,147.13,111.01,147.9,112.22,146.27,110.03,1,r,4.088,C:\Users\alex2\Desktop\openMV\results\semi_auto_calibration_20260508_205500\frame_01.json,C:\Users\alex2\Desktop\openMV\results\semi_auto_calibration_20260508_205500,
20260508_205500,7,266.506,-7.39,123.242,35.296,124.33,34.2,125.03,34.94,125.05,33.23,1,r,1.545,C:\Users\alex2\Desktop\openMV\results\semi_auto_calibration_20260508_205500\frame_01.json,C:\Users\alex2\Desktop\openMV\results\semi_auto_calibration_20260508_205500,
20260508_205500,8,197.721,0.879,104.605,153.641,105.48,153.95,106.12,155.41,105.11,152.31,5,b,0.928,C:\Users\alex2\Desktop\openMV\results\semi_auto_calibration_20260508_205500\frame_01.json,C:\Users\alex2\Desktop\openMV\results\semi_auto_calibration_20260508_205500,
20260508_205500,9,243.297,12.391,72.644,74.78,73.16,75.17,73.7,76.16,73.87,74.91,2,b,0.647,C:\Users\alex2\Desktop\openMV\results\semi_auto_calibration_20260508_205500\frame_01.json,C:\Users\alex2\Desktop\openMV\results\semi_auto_calibration_20260508_205500,
20260508_205500,10,176.812,12.546,74.133,190.87,71.83,190.52,72.37,192.21,72.17,188.46,4,r,2.329,C:\Users\alex2\Desktop\openMV\results\semi_auto_calibration_20260508_205500\frame_01.json,C:\Users\alex2\Desktop\openMV\results\semi_auto_calibration_20260508_205500,
20260508_205500,11,266.311,16.554,61.283,36.227,63.03,35.21,63.55,35.96,63.58,34.33,2,b,2.021,C:\Users\alex2\Desktop\openMV\results\semi_auto_calibration_20260508_205500\frame_01.json,C:\Users\alex2\Desktop\openMV\results\semi_auto_calibration_20260508_205500,
20260508_205500,12,214.696,17.108,61.023,123.927,59.64,125.52,60.14,126.81,60.23,123.89,5,b,2.109,C:\Users\alex2\Desktop\openMV\results\semi_auto_calibration_20260508_205500\frame_01.json,C:\Users\alex2\Desktop\openMV\results\semi_auto_calibration_20260508_205500,
20260508_205604,1,264.626,-37.113,201.234,37.697,200.19,36.83,201.12,37.59,198.79,36.99,3,b,1.357,C:\Users\alex2\Desktop\openMV\results\semi_auto_calibration_20260508_205604\frame_01.json,C:\Users\alex2\Desktop\openMV\results\semi_auto_calibration_20260508_205604,
20260508_205604,2,231.204,-35.943,200.922,94.798,197.48,95.49,198.4,96.6,196.87,94.4,3,b,3.511,C:\Users\alex2\Desktop\openMV\results\semi_auto_calibration_20260508_205604\frame_01.json,C:\Users\alex2\Desktop\openMV\results\semi_auto_calibration_20260508_205604,
20260508_205604,3,179.016,-34.194,200.63,187.304,205.94,187.35,206.88,189.02,204.59,185.98,2,b,5.31,C:\Users\alex2\Desktop\openMV\results\semi_auto_calibration_20260508_205604\frame_01.json,C:\Users\alex2\Desktop\openMV\results\semi_auto_calibration_20260508_205604,
20260508_205604,4,204.003,-32.625,194.26,142.495,196.56,143.78,197.48,145.18,195.25,142.82,2,b,2.634,C:\Users\alex2\Desktop\openMV\results\semi_auto_calibration_20260508_205604\frame_01.json,C:\Users\alex2\Desktop\openMV\results\semi_auto_calibration_20260508_205604,
20260508_205604,5,248.373,-20.127,157.633,65.575,160.13,66.22,160.93,67.16,159.22,65.67,1,r,2.579,C:\Users\alex2\Desktop\openMV\results\semi_auto_calibration_20260508_205604\frame_01.json,C:\Users\alex2\Desktop\openMV\results\semi_auto_calibration_20260508_205604,
20260508_205604,6,221.469,-10.803,134.565,111.956,136.86,111.91,137.59,113.12,136.39,111.19,5,b,2.295,C:\Users\alex2\Desktop\openMV\results\semi_auto_calibration_20260508_205604\frame_01.json,C:\Users\alex2\Desktop\openMV\results\semi_auto_calibration_20260508_205604,
20260508_205604,7,177.202,-7.814,128.963,190.354,130.68,186.87,131.39,188.53,130.33,184.93,6,b,3.885,C:\Users\alex2\Desktop\openMV\results\semi_auto_calibration_20260508_205604\frame_01.json,C:\Users\alex2\Desktop\openMV\results\semi_auto_calibration_20260508_205604,
20260508_205604,8,243.34,4.391,93.518,74.572,96.72,73.18,97.33,74.16,97.26,72.46,4,r,3.491,C:\Users\alex2\Desktop\openMV\results\semi_auto_calibration_20260508_205604\frame_01.json,C:\Users\alex2\Desktop\openMV\results\semi_auto_calibration_20260508_205604,
20260508_205604,9,267.456,6.673,86.738,34.072,90.91,31.77,91.5,32.5,91.0,31.47,5,b,4.765,C:\Users\alex2\Desktop\openMV\results\semi_auto_calibration_20260508_205604\frame_01.json,C:\Users\alex2\Desktop\openMV\results\semi_auto_calibration_20260508_205604,
20260508_205604,10,199.506,7.546,86.763,150.486,86.05,150.29,86.62,151.73,86.24,148.97,4,r,0.74,C:\Users\alex2\Desktop\openMV\results\semi_auto_calibration_20260508_205604\frame_01.json,C:\Users\alex2\Desktop\openMV\results\semi_auto_calibration_20260508_205604,
20260508_205604,11,221.84,15.25,65.735,111.541,65.73,114.03,66.25,115.25,66.31,113.45,3,b,2.489,C:\Users\alex2\Desktop\openMV\results\semi_auto_calibration_20260508_205604\frame_01.json,C:\Users\alex2\Desktop\openMV\results\semi_auto_calibration_20260508_205604,
20260508_205604,12,175.584,16.308,64.084,193.042,61.89,191.8,62.4,193.49,61.87,191.04,1,r,2.521,C:\Users\alex2\Desktop\openMV\results\semi_auto_calibration_20260508_205604\frame_01.json,C:\Users\alex2\Desktop\openMV\results\semi_auto_calibration_20260508_205604,
20260508_205707,1,251.857,-35.483,197.979,59.346,192.78,60.1,193.68,61.0,191.69,59.52,6,b,5.253,C:\Users\alex2\Desktop\openMV\results\semi_auto_calibration_20260508_205707\frame_01.json,C:\Users\alex2\Desktop\openMV\results\semi_auto_calibration_20260508_205707,
20260508_205707,2,194.829,-34.249,199.429,158.83,199.25,160.17,200.17,161.67,198.32,159.1,4,r,1.352,C:\Users\alex2\Desktop\openMV\results\semi_auto_calibration_20260508_205707\frame_01.json,C:\Users\alex2\Desktop\openMV\results\semi_auto_calibration_20260508_205707,
20260508_205707,3,219.393,-27.942,180.439,115.43,182.48,115.53,183.35,116.76,182.04,115.18,2,b,2.044,C:\Users\alex2\Desktop\openMV\results\semi_auto_calibration_20260508_205707\frame_01.json,C:\Users\alex2\Desktop\openMV\results\semi_auto_calibration_20260508_205707,
20260508_205707,4,172.098,-23.232,171.206,199.763,175.65,196.78,176.5,198.5,174.56,195.35,5,b,5.353,C:\Users\alex2\Desktop\openMV\results\semi_auto_calibration_20260508_205707\frame_01.json,C:\Users\alex2\Desktop\openMV\results\semi_auto_calibration_20260508_205707,
20260508_205707,5,240.199,-14.597,143.547,79.616,147.44,79.78,148.2,80.8,146.72,78.88,2,b,3.896,C:\Users\alex2\Desktop\openMV\results\semi_auto_calibration_20260508_205707\frame_01.json,C:\Users\alex2\Desktop\openMV\results\semi_auto_calibration_20260508_205707,
20260508_205707,6,263.447,-6.55,121.205,40.432,125.42,38.65,126.12,39.41,125.06,38.18,3,b,4.576,C:\Users\alex2\Desktop\openMV\results\semi_auto_calibration_20260508_205707\frame_01.json,C:\Users\alex2\Desktop\openMV\results\semi_auto_calibration_20260508_205707,
20260508_205707,7,188.411,-4.768,120.167,170.206,121.75,168.16,122.43,169.7,122.06,167.57,2,b,2.587,C:\Users\alex2\Desktop\openMV\results\semi_auto_calibration_20260508_205707\frame_01.json,C:\Users\alex2\Desktop\openMV\results\semi_auto_calibration_20260508_205707,
20260508_205707,8,216.413,-3.372,115.089,120.81,116.73,121.33,117.4,122.6,116.74,120.41,3,b,1.721,C:\Users\alex2\Desktop\openMV\results\semi_auto_calibration_20260508_205707\frame_01.json,C:\Users\alex2\Desktop\openMV\results\semi_auto_calibration_20260508_205707,
20260508_205707,9,230.192,16.126,63.235,97.18,64.2,98.7,64.71,99.83,64.66,97.94,4,r,1.8,C:\Users\alex2\Desktop\openMV\results\semi_auto_calibration_20260508_205707\frame_01.json,C:\Users\alex2\Desktop\openMV\results\semi_auto_calibration_20260508_205707,
20260508_205707,10,258.956,16.709,61.05,48.492,61.49,48.51,62.0,49.33,61.99,47.95,3,b,0.44,C:\Users\alex2\Desktop\openMV\results\semi_auto_calibration_20260508_205707\frame_01.json,C:\Users\alex2\Desktop\openMV\results\semi_auto_calibration_20260508_205707,
20260508_205707,11,203.24,16.871,61.916,143.924,60.41,144.18,60.92,145.59,60.92,142.82,4,r,1.527,C:\Users\alex2\Desktop\openMV\results\semi_auto_calibration_20260508_205707\frame_01.json,C:\Users\alex2\Desktop\openMV\results\semi_auto_calibration_20260508_205707,
20260508_205707,12,173.312,17.062,62.119,197.123,60.19,190.46,60.69,192.15,58.9,194.02,2,b,6.937,C:\Users\alex2\Desktop\openMV\results\semi_auto_calibration_20260508_205707\frame_01.json,C:\Users\alex2\Desktop\openMV\results\semi_auto_calibration_20260508_205707,
20260508_205811,1,191.209,-37.975,209.888,165.326,211.44,166.86,212.4,168.4,210.29,165.59,3,b,2.182,C:\Users\alex2\Desktop\openMV\results\semi_auto_calibration_20260508_205811\frame_01.json,C:\Users\alex2\Desktop\openMV\results\semi_auto_calibration_20260508_205811,
20260508_205811,2,265.944,-35.924,197.99,35.51,196.53,34.4,197.44,35.14,195.52,33.82,1,r,1.834,C:\Users\alex2\Desktop\openMV\results\semi_auto_calibration_20260508_205811\frame_01.json,C:\Users\alex2\Desktop\openMV\results\semi_auto_calibration_20260508_205811,
20260508_205811,3,241.689,-34.905,197.279,76.733,193.31,76.3,194.21,77.29,192.16,75.83,6,b,3.992,C:\Users\alex2\Desktop\openMV\results\semi_auto_calibration_20260508_205811\frame_01.json,C:\Users\alex2\Desktop\openMV\results\semi_auto_calibration_20260508_205811,
20260508_205811,4,214.45,-27.538,179.728,124.088,182.29,125.6,183.15,126.89,181.03,124.61,1,r,2.975,C:\Users\alex2\Desktop\openMV\results\semi_auto_calibration_20260508_205811\frame_01.json,C:\Users\alex2\Desktop\openMV\results\semi_auto_calibration_20260508_205811,
20260508_205811,5,172.314,-24.0,173.288,199.379,177.64,195.78,178.5,197.5,176.8,194.84,5,b,5.647,C:\Users\alex2\Desktop\openMV\results\semi_auto_calibration_20260508_205811\frame_01.json,C:\Users\alex2\Desktop\openMV\results\semi_auto_calibration_20260508_205811,
20260508_205811,6,252.588,-13.192,139.136,58.561,142.15,57.9,142.9,58.78,142.35,57.37,1,r,3.085,C:\Users\alex2\Desktop\openMV\results\semi_auto_calibration_20260508_205811\frame_01.json,C:\Users\alex2\Desktop\openMV\results\semi_auto_calibration_20260508_205811,
20260508_205811,7,224.063,-6.002,121.694,107.501,122.58,108.9,123.26,110.09,122.53,107.91,4,r,1.656,C:\Users\alex2\Desktop\openMV\results\semi_auto_calibration_20260508_205811\frame_01.json,C:\Users\alex2\Desktop\openMV\results\semi_auto_calibration_20260508_205811,
20260508_205811,8,188.127,-3.149,115.829,170.706,116.83,168.23,117.5,169.78,116.59,166.59,3,b,2.671,C:\Users\alex2\Desktop\openMV\results\semi_auto_calibration_20260508_205811\frame_01.json,C:\Users\alex2\Desktop\openMV\results\semi_auto_calibration_20260508_205811,
20260508_205811,9,267.739,11.567,74.096,33.727,77.94,31.5,78.5,32.22,78.52,30.53,3,b,4.443,C:\Users\alex2\Desktop\openMV\results\semi_auto_calibration_20260508_205811\frame_01.json,C:\Users\alex2\Desktop\openMV\results\semi_auto_calibration_20260508_205811,
20260508_205811,10,238.63,14.225,67.99,82.74,69.97,83.96,70.5,85.0,70.02,82.92,5,b,2.326,C:\Users\alex2\Desktop\openMV\results\semi_auto_calibration_20260508_205811\frame_01.json,C:\Users\alex2\Desktop\openMV\results\semi_auto_calibration_20260508_205811,
20260508_205811,11,172.837,14.548,68.874,198.006,62.77,198.45,63.28,200.18,63.07,196.48,1,r,6.12,C:\Users\alex2\Desktop\openMV\results\semi_auto_calibration_20260508_205811\frame_01.json,C:\Users\alex2\Desktop\openMV\results\semi_auto_calibration_20260508_205811,
20260508_205811,12,212.498,15.243,65.989,127.739,65.94,129.31,66.46,130.63,65.86,128.93,2,b,1.572,C:\Users\alex2\Desktop\openMV\results\semi_auto_calibration_20260508_205811\frame_01.json,C:\Users\alex2\Desktop\openMV\results\semi_auto_calibration_20260508_205811,
20260508_205915,1,201.09,-37.633,208.077,147.663,208.95,149.98,209.89,151.42,208.02,148.9,5,b,2.476,C:\Users\alex2\Desktop\openMV\results\semi_auto_calibration_20260508_205915\frame_01.json,C:\Users\alex2\Desktop\openMV\results\semi_auto_calibration_20260508_205915,
20260508_205915,2,262.782,-33.944,193.026,40.881,190.16,40.49,191.06,41.27,189.84,40.08,1,r,2.892,C:\Users\alex2\Desktop\openMV\results\semi_auto_calibration_20260508_205915\frame_01.json,C:\Users\alex2\Desktop\openMV\results\semi_auto_calibration_20260508_205915,
20260508_205915,3,178.386,-30.034,189.306,188.411,193.6,186.84,194.5,188.5,192.83,185.8,5,b,4.572,C:\Users\alex2\Desktop\openMV\results\semi_auto_calibration_20260508_205915\frame_01.json,C:\Users\alex2\Desktop\openMV\results\semi_auto_calibration_20260508_205915,
20260508_205915,4,238.105,-27.233,177.152,83.01,177.64,84.46,178.5,85.5,176.6,83.85,3,b,1.529,C:\Users\alex2\Desktop\openMV\results\semi_auto_calibration_20260508_205915\frame_01.json,C:\Users\alex2\Desktop\openMV\results\semi_auto_calibration_20260508_205915,
20260508_205915,5,215.306,-18.969,156.704,122.641,158.78,123.86,159.58,125.14,158.34,122.83,6,b,2.408,C:\Users\alex2\Desktop\openMV\results\semi_auto_calibration_20260508_205915\frame_01.json,C:\Users\alex2\Desktop\openMV\results\semi_auto_calibration_20260508_205915,
20260508_205915,6,259.514,-8.921,127.584,46.973,129.89,45.59,130.6,46.4,130.57,45.06,5,b,2.69,C:\Users\alex2\Desktop\openMV\results\semi_auto_calibration_20260508_205915\frame_01.json,C:\Users\alex2\Desktop\openMV\results\semi_auto_calibration_20260508_205915,
20260508_205915,7,172.699,-5.592,123.183,198.475,124.72,196.03,125.41,197.75,124.1,194.29,2,b,2.888,C:\Users\alex2\Desktop\openMV\results\semi_auto_calibration_20260508_205915\frame_01.json,C:\Users\alex2\Desktop\openMV\results\semi_auto_calibration_20260508_205915,
20260508_205915,8,198.117,-2.879,114.633,152.943,115.2,151.94,115.87,153.39,115.16,150.87,4,r,1.152,C:\Users\alex2\Desktop\openMV\results\semi_auto_calibration_20260508_205915\frame_01.json,C:\Users\alex2\Desktop\openMV\results\semi_auto_calibration_20260508_205915,
20260508_205915,9,241.263,6.417,88.296,78.137,90.82,78.87,91.41,79.88,90.49,78.09,5,b,2.628,C:\Users\alex2\Desktop\openMV\results\semi_auto_calibration_20260508_205915\frame_01.json,C:\Users\alex2\Desktop\openMV\results\semi_auto_calibration_20260508_205915,
20260508_205915,10,183.081,16.675,62.919,179.607,59.46,178.99,59.96,180.6,59.58,176.93,3,b,3.513,C:\Users\alex2\Desktop\openMV\results\semi_auto_calibration_20260508_205915\frame_01.json,C:\Users\alex2\Desktop\openMV\results\semi_auto_calibration_20260508_205915,
20260508_205915,11,265.17,17.531,58.793,38.148,60.59,36.34,61.09,37.09,61.12,35.63,5,b,2.549,C:\Users\alex2\Desktop\openMV\results\semi_auto_calibration_20260508_205915\frame_01.json,C:\Users\alex2\Desktop\openMV\results\semi_auto_calibration_20260508_205915,
20260508_205915,12,212.045,17.886,59.035,128.541,59.0,129.9,59.5,131.22,59.77,128.38,3,b,1.359,C:\Users\alex2\Desktop\openMV\results\semi_auto_calibration_20260508_205915\frame_01.json,C:\Users\alex2\Desktop\openMV\results\semi_auto_calibration_20260508_205915,
20260508_210032,1,173.498,-37.004,208.821,197.366,213.54,198.27,214.5,200.0,212.42,196.9,3,b,4.805,C:\Users\alex2\Desktop\openMV\results\semi_auto_calibration_20260508_210032\frame_01.json,C:\Users\alex2\Desktop\openMV\results\semi_auto_calibration_20260508_210032,
20260508_210032,2,263.461,-35.549,197.204,39.698,198.45,40.21,199.37,40.99,197.16,40.19,1,r,1.347,C:\Users\alex2\Desktop\openMV\results\semi_auto_calibration_20260508_210032\frame_01.json,C:\Users\alex2\Desktop\openMV\results\semi_auto_calibration_20260508_210032,
20260508_210032,3,217.366,-33.603,195.797,118.935,192.6,120.24,193.5,121.5,192.29,119.46,3,b,3.454,C:\Users\alex2\Desktop\openMV\results\semi_auto_calibration_20260508_210032\frame_01.json,C:\Users\alex2\Desktop\openMV\results\semi_auto_calibration_20260508_210032,
20260508_210032,4,194.355,-26.288,177.869,159.661,180.19,160.17,181.06,161.67,179.65,159.09,4,r,2.376,C:\Users\alex2\Desktop\openMV\results\semi_auto_calibration_20260508_210032\frame_01.json,C:\Users\alex2\Desktop\openMV\results\semi_auto_calibration_20260508_210032,
20260508_210032,5,237.481,-20.284,158.757,84.187,160.7,83.46,161.5,84.5,159.84,82.76,5,b,2.075,C:\Users\alex2\Desktop\openMV\results\semi_auto_calibration_20260508_210032\frame_01.json,C:\Users\alex2\Desktop\openMV\results\semi_auto_calibration_20260508_210032,
20260508_210032,6,174.569,-11.904,140.196,195.155,142.86,190.81,143.61,192.5,142.32,189.35,2,b,5.097,C:\Users\alex2\Desktop\openMV\results\semi_auto_calibration_20260508_210032\frame_01.json,C:\Users\alex2\Desktop\openMV\results\semi_auto_calibration_20260508_210032,
20260508_210032,7,263.016,-11.653,134.531,41.03,134.62,39.17,135.34,39.94,134.07,39.11,1,r,1.863,C:\Users\alex2\Desktop\openMV\results\semi_auto_calibration_20260508_210032\frame_01.json,C:\Users\alex2\Desktop\openMV\results\semi_auto_calibration_20260508_210032,
20260508_210032,8,213.286,-6.758,124.242,126.247,126.27,127.48,126.97,128.79,126.35,126.4,6,b,2.374,C:\Users\alex2\Desktop\openMV\results\semi_auto_calibration_20260508_210032\frame_01.json,C:\Users\alex2\Desktop\openMV\results\semi_auto_calibration_20260508_210032,
20260508_210032,9,183.016,9.946,80.908,179.767,78.71,179.51,79.26,181.12,79.12,177.64,4,r,2.213,C:\Users\alex2\Desktop\openMV\results\semi_auto_calibration_20260508_210032\frame_01.json,C:\Users\alex2\Desktop\openMV\results\semi_auto_calibration_20260508_210032,
20260508_210032,10,240.499,12.509,72.415,79.533,72.72,81.52,73.26,82.55,73.33,80.49,2,b,2.01,C:\Users\alex2\Desktop\openMV\results\semi_auto_calibration_20260508_210032\frame_01.json,C:\Users\alex2\Desktop\openMV\results\semi_auto_calibration_20260508_210032,
20260508_210032,11,209.187,16.395,63.032,133.516,61.7,135.21,62.2,136.56,62.67,133.53,6,b,2.155,C:\Users\alex2\Desktop\openMV\results\semi_auto_calibration_20260508_210032\frame_01.json,C:\Users\alex2\Desktop\openMV\results\semi_auto_calibration_20260508_210032,
20260508_210032,12,264.897,17.269,59.474,38.596,63.49,37.24,64.0,38.0,63.67,36.39,4,r,4.239,C:\Users\alex2\Desktop\openMV\results\semi_auto_calibration_20260508_210032\frame_01.json,C:\Users\alex2\Desktop\openMV\results\semi_auto_calibration_20260508_210032,
20260508_210224,1,218.902,-37.823,207.024,116.211,206.28,120.24,207.22,121.5,205.23,118.9,3,b,4.097,C:\Users\alex2\Desktop\openMV\results\semi_auto_calibration_20260508_210224\frame_01.json,C:\Users\alex2\Desktop\openMV\results\semi_auto_calibration_20260508_210224,
20260508_210224,2,254.358,-37.032,201.877,55.062,202.57,54.36,203.5,55.22,202.26,53.98,3,b,0.986,C:\Users\alex2\Desktop\openMV\results\semi_auto_calibration_20260508_210224\frame_01.json,C:\Users\alex2\Desktop\openMV\results\semi_auto_calibration_20260508_210224,
20260508_210224,3,195.159,-35.21,202.013,158.242,205.24,159.57,206.18,161.07,204.19,158.62,4,r,3.49,C:\Users\alex2\Desktop\openMV\results\semi_auto_calibration_20260508_210224\frame_01.json,C:\Users\alex2\Desktop\openMV\results\semi_auto_calibration_20260508_210224,
20260508_210224,4,172.841,-27.255,182.148,198.456,187.12,196.78,188.0,198.5,186.41,195.62,5,b,5.247,C:\Users\alex2\Desktop\openMV\results\semi_auto_calibration_20260508_210224\frame_01.json,C:\Users\alex2\Desktop\openMV\results\semi_auto_calibration_20260508_210224,
20260508_210224,5,267.253,-14.775,142.442,33.859,144.74,30.78,145.5,31.5,144.55,31.07,2,b,3.842,C:\Users\alex2\Desktop\openMV\results\semi_auto_calibration_20260508_210224\frame_01.json,C:\Users\alex2\Desktop\openMV\results\semi_auto_calibration_20260508_210224,
20260508_210224,6,207.821,-13.109,141.491,135.803,143.85,137.24,144.6,138.6,143.5,135.92,3,b,2.762,C:\Users\alex2\Desktop\openMV\results\semi_auto_calibration_20260508_210224\frame_01.json,C:\Users\alex2\Desktop\openMV\results\semi_auto_calibration_20260508_210224,
20260508_210224,7,185.187,-5.476,122.234,175.977,122.81,174.13,123.5,175.71,122.7,172.81,5,b,1.935,C:\Users\alex2\Desktop\openMV\results\semi_auto_calibration_20260508_210224\frame_01.json,C:\Users\alex2\Desktop\openMV\results\semi_auto_calibration_20260508_210224,
20260508_210224,8,245.499,-5.125,118.343,70.737,118.82,69.05,119.5,70.0,118.91,68.74,5,b,1.754,C:\Users\alex2\Desktop\openMV\results\semi_auto_calibration_20260508_210224\frame_01.json,C:\Users\alex2\Desktop\openMV\results\semi_auto_calibration_20260508_210224,
20260508_210224,9,226.778,12.133,73.784,102.998,75.12,103.84,75.67,105.0,75.53,103.1,5,b,1.579,C:\Users\alex2\Desktop\openMV\results\semi_auto_calibration_20260508_210224\frame_01.json,C:\Users\alex2\Desktop\openMV\results\semi_auto_calibration_20260508_210224,
20260508_210224,10,263.961,13.385,69.509,40.059,70.53,37.77,71.06,38.53,70.76,36.76,6,b,2.507,C:\Users\alex2\Desktop\openMV\results\semi_auto_calibration_20260508_210224\frame_01.json,C:\Users\alex2\Desktop\openMV\results\semi_auto_calibration_20260508_210224,
20260508_210224,11,200.921,14.765,67.549,147.996,67.23,148.49,67.76,149.92,68.07,146.79,6,b,0.589,C:\Users\alex2\Desktop\openMV\results\semi_auto_calibration_20260508_210224\frame_01.json,C:\Users\alex2\Desktop\openMV\results\semi_auto_calibration_20260508_210224,
20260508_210224,12,175.585,16.876,62.563,193.035,65.19,193.46,65.71,195.17,59.21,190.29,2,b,2.661,C:\Users\alex2\Desktop\openMV\results\semi_auto_calibration_20260508_210224\frame_01.json,C:\Users\alex2\Desktop\openMV\results\semi_auto_calibration_20260508_210224,
20260508_210335,1,173.172,-37.938,211.418,197.97,218.44,197.58,219.42,199.31,217.08,196.67,4,r,7.033,C:\Users\alex2\Desktop\openMV\results\semi_auto_calibration_20260508_210335\frame_01.json,C:\Users\alex2\Desktop\openMV\results\semi_auto_calibration_20260508_210335,
20260508_210335,2,249.2,-37.418,203.335,63.834,203.12,64.04,204.06,64.96,202.69,64.11,1,r,0.298,C:\Users\alex2\Desktop\openMV\results\semi_auto_calibration_20260508_210335\frame_01.json,C:\Users\alex2\Desktop\openMV\results\semi_auto_calibration_20260508_210335,
20260508_210335,3,197.466,-35.411,202.36,154.121,205.87,155.48,206.81,156.95,204.61,154.97,3,b,3.763,C:\Users\alex2\Desktop\openMV\results\semi_auto_calibration_20260508_210335\frame_01.json,C:\Users\alex2\Desktop\openMV\results\semi_auto_calibration_20260508_210335,
20260508_210335,4,223.096,-32.973,193.637,108.923,195.14,112.58,196.05,113.8,194.6,111.7,2,b,3.954,C:\Users\alex2\Desktop\openMV\results\semi_auto_calibration_20260508_210335\frame_01.json,C:\Users\alex2\Desktop\openMV\results\semi_auto_calibration_20260508_210335,
20260508_210335,5,264.676,-18.992,153.616,38.067,157.08,36.37,157.88,37.12,157.06,36.14,2,b,3.857,C:\Users\alex2\Desktop\openMV\results\semi_auto_calibration_20260508_210335\frame_01.json,C:\Users\alex2\Desktop\openMV\results\semi_auto_calibration_20260508_210335,
20260508_210335,6,184.435,-13.187,143.086,177.372,146.74,176.4,147.5,178.0,146.11,175.16,5,b,3.781,C:\Users\alex2\Desktop\openMV\results\semi_auto_calibration_20260508_210335\frame_01.json,C:\Users\alex2\Desktop\openMV\results\semi_auto_calibration_20260508_210335,
20260508_210335,7,211.051,-6.11,122.629,130.161,124.28,129.58,124.97,130.9,124.26,128.54,4,r,1.75,C:\Users\alex2\Desktop\openMV\results\semi_auto_calibration_20260508_210335\frame_01.json,C:\Users\alex2\Desktop\openMV\results\semi_auto_calibration_20260508_210335,
20260508_210335,8,243.152,-4.219,116.076,74.746,118.03,74.26,118.7,75.24,118.17,74.06,6,b,2.013,C:\Users\alex2\Desktop\openMV\results\semi_auto_calibration_20260508_210335\frame_01.json,C:\Users\alex2\Desktop\openMV\results\semi_auto_calibration_20260508_210335,
20260508_210335,9,227.65,13.4,70.437,101.512,71.09,102.82,71.63,103.98,71.43,101.92,4,r,1.462,C:\Users\alex2\Desktop\openMV\results\semi_auto_calibration_20260508_210335\frame_01.json,C:\Users\alex2\Desktop\openMV\results\semi_auto_calibration_20260508_210335,
20260508_210335,10,262.751,13.605,68.973,42.082,71.69,41.63,72.23,42.42,71.63,40.98,4,r,2.755,C:\Users\alex2\Desktop\openMV\results\semi_auto_calibration_20260508_210335\frame_01.json,C:\Users\alex2\Desktop\openMV\results\semi_auto_calibration_20260508_210335,
20260508_210335,11,173.151,14.354,69.386,197.442,64.71,195.35,65.23,197.07,65.7,194.33,2,b,5.123,C:\Users\alex2\Desktop\openMV\results\semi_auto_calibration_20260508_210335\frame_01.json,C:\Users\alex2\Desktop\openMV\results\semi_auto_calibration_20260508_210335,
20260508_210335,12,202.489,17.424,60.47,145.243,60.5,146.75,61.0,148.17,61.01,145.4,5,b,1.507,C:\Users\alex2\Desktop\openMV\results\semi_auto_calibration_20260508_210335\frame_01.json,C:\Users\alex2\Desktop\openMV\results\semi_auto_calibration_20260508_210335,
20260508_210433,1,235.278,-37.307,204.224,87.733,205.96,89.78,206.9,90.86,204.95,88.99,4,r,2.684,C:\Users\alex2\Desktop\openMV\results\semi_auto_calibration_20260508_210433\frame_01.json,C:\Users\alex2\Desktop\openMV\results\semi_auto_calibration_20260508_210433,
20260508_210433,2,262.07,-35.441,197.032,42.045,198.26,41.07,199.18,41.85,197.3,40.47,6,b,1.568,C:\Users\alex2\Desktop\openMV\results\semi_auto_calibration_20260508_210433\frame_01.json,C:\Users\alex2\Desktop\openMV\results\semi_auto_calibration_20260508_210433,
20260508_210433,3,180.828,-30.645,190.777,183.994,195.09,182.86,196.0,184.5,194.58,181.6,2,b,4.46,C:\Users\alex2\Desktop\openMV\results\semi_auto_calibration_20260508_210433\frame_01.json,C:\Users\alex2\Desktop\openMV\results\semi_auto_calibration_20260508_210433,
20260508_210433,4,210.804,-24.743,172.489,130.509,174.85,131.84,175.69,133.17,173.98,130.69,4,r,2.71,C:\Users\alex2\Desktop\openMV\results\semi_auto_calibration_20260508_210433\frame_01.json,C:\Users\alex2\Desktop\openMV\results\semi_auto_calibration_20260508_210433,
20260508_210433,5,250.955,-11.927,135.908,61.351,137.86,59.71,138.6,60.6,138.31,59.48,5,b,2.551,C:\Users\alex2\Desktop\openMV\results\semi_auto_calibration_20260508_210433\frame_01.json,C:\Users\alex2\Desktop\openMV\results\semi_auto_calibration_20260508_210433,
20260508_210433,6,172.429,-5.018,121.642,198.958,123.93,195.47,124.62,197.19,124.02,194.28,4,r,4.171,C:\Users\alex2\Desktop\openMV\results\semi_auto_calibration_20260508_210433\frame_01.json,C:\Users\alex2\Desktop\openMV\results\semi_auto_calibration_20260508_210433,
20260508_210433,7,225.72,-4.662,118.067,104.647,120.32,103.51,121.0,104.67,120.49,102.94,5,b,2.524,C:\Users\alex2\Desktop\openMV\results\semi_auto_calibration_20260508_210433\frame_01.json,C:\Users\alex2\Desktop\openMV\results\semi_auto_calibration_20260508_210433,
20260508_210433,8,197.947,-3.411,116.064,153.244,119.2,151.96,119.88,153.41,119.01,151.1,3,b,3.389,C:\Users\alex2\Desktop\openMV\results\semi_auto_calibration_20260508_210433\frame_01.json,C:\Users\alex2\Desktop\openMV\results\semi_auto_calibration_20260508_210433,
20260508_210433,9,262.085,10.688,76.528,43.124,78.94,41.72,79.5,42.5,79.3,41.27,5,b,2.791,C:\Users\alex2\Desktop\openMV\results\semi_auto_calibration_20260508_210433\frame_01.json,C:\Users\alex2\Desktop\openMV\results\semi_auto_calibration_20260508_210433,
20260508_210433,10,186.512,17.256,61.287,173.486,58.5,172.43,59.0,174.0,58.89,171.21,5,b,2.981,C:\Users\alex2\Desktop\openMV\results\semi_auto_calibration_20260508_210433\frame_01.json,C:\Users\alex2\Desktop\openMV\results\semi_auto_calibration_20260508_210433,
20260508_210433,11,215.808,17.291,60.516,121.998,59.41,123.81,59.91,125.09,59.46,122.88,5,b,2.123,C:\Users\alex2\Desktop\openMV\results\semi_auto_calibration_20260508_210433\frame_01.json,C:\Users\alex2\Desktop\openMV\results\semi_auto_calibration_20260508_210433,
20260508_210433,12,239.19,17.713,58.888,81.84,59.08,82.66,59.58,83.69,59.04,81.64,4,r,0.842,C:\Users\alex2\Desktop\openMV\results\semi_auto_calibration_20260508_210433\frame_01.json,C:\Users\alex2\Desktop\openMV\results\semi_auto_calibration_20260508_210433,
20260508_210535,1,262.047,-37.151,201.549,42.043,197.09,40.89,198.0,41.67,196.5,41.21,3,b,4.605,C:\Users\alex2\Desktop\openMV\results\semi_auto_calibration_20260508_210535\frame_01.json,C:\Users\alex2\Desktop\openMV\results\semi_auto_calibration_20260508_210535,
20260508_210535,2,194.402,-35.696,203.4,159.597,204.84,161.99,205.78,163.5,203.78,160.79,5,b,2.793,C:\Users\alex2\Desktop\openMV\results\semi_auto_calibration_20260508_210535\frame_01.json,C:\Users\alex2\Desktop\openMV\results\semi_auto_calibration_20260508_210535,
20260508_210535,3,234.818,-27.889,179.14,88.659,181.33,91.22,182.2,92.3,180.21,90.27,6,b,3.37,C:\Users\alex2\Desktop\openMV\results\semi_auto_calibration_20260508_210535\frame_01.json,C:\Users\alex2\Desktop\openMV\results\semi_auto_calibration_20260508_210535,
20260508_210535,4,172.959,-21.391,166.118,198.177,170.09,195.69,170.93,197.41,169.91,194.29,1,r,4.686,C:\Users\alex2\Desktop\openMV\results\semi_auto_calibration_20260508_210535\frame_01.json,C:\Users\alex2\Desktop\openMV\results\semi_auto_calibration_20260508_210535,
20260508_210535,5,265.692,-12.615,136.895,36.525,138.96,33.83,139.7,34.57,139.19,33.85,2,b,3.395,C:\Users\alex2\Desktop\openMV\results\semi_auto_calibration_20260508_210535\frame_01.json,C:\Users\alex2\Desktop\openMV\results\semi_auto_calibration_20260508_210535,
20260508_210535,6,195.46,-12.094,139.489,157.666,139.45,155.71,140.19,157.18,139.37,154.73,4,r,1.957,C:\Users\alex2\Desktop\openMV\results\semi_auto_calibration_20260508_210535\frame_01.json,C:\Users\alex2\Desktop\openMV\results\semi_auto_calibration_20260508_210535,
20260508_210535,7,219.284,-7.95,127.103,115.778,127.32,118.03,128.02,119.28,127.37,116.76,6,b,2.262,C:\Users\alex2\Desktop\openMV\results\semi_auto_calibration_20260508_210535\frame_01.json,C:\Users\alex2\Desktop\openMV\results\semi_auto_calibration_20260508_210535,
20260508_210535,8,243.31,-4.648,117.195,74.469,120.92,73.62,121.6,74.6,120.72,73.25,5,b,3.821,C:\Users\alex2\Desktop\openMV\results\semi_auto_calibration_20260508_210535\frame_01.json,C:\Users\alex2\Desktop\openMV\results\semi_auto_calibration_20260508_210535,
20260508_210535,9,207.638,13.858,69.772,136.214,70.27,136.53,70.8,137.89,70.5,135.0,4,r,0.59,C:\Users\alex2\Desktop\openMV\results\semi_auto_calibration_20260508_210535\frame_01.json,C:\Users\alex2\Desktop\openMV\results\semi_auto_calibration_20260508_210535,
20260508_210535,10,177.195,14.249,69.557,190.167,65.05,189.26,65.57,190.93,65.78,187.24,2,b,4.598,C:\Users\alex2\Desktop\openMV\results\semi_auto_calibration_20260508_210535\frame_01.json,C:\Users\alex2\Desktop\openMV\results\semi_auto_calibration_20260508_210535,
20260508_210535,11,256.516,15.208,64.987,52.543,66.15,51.16,66.67,52.0,66.52,50.9,3,b,1.807,C:\Users\alex2\Desktop\openMV\results\semi_auto_calibration_20260508_210535\frame_01.json,C:\Users\alex2\Desktop\openMV\results\semi_auto_calibration_20260508_210535,
20260508_210535,12,231.049,15.591,64.613,95.705,64.39,95.59,64.91,96.7,64.28,94.48,2,b,0.251,C:\Users\alex2\Desktop\openMV\results\semi_auto_calibration_20260508_210535\frame_01.json,C:\Users\alex2\Desktop\openMV\results\semi_auto_calibration_20260508_210535,
20260508_210629,1,190.339,-37.763,209.388,166.888,212.41,168.91,213.37,170.46,212.03,167.64,2,b,3.637,C:\Users\alex2\Desktop\openMV\results\semi_auto_calibration_20260508_210629\frame_01.json,C:\Users\alex2\Desktop\openMV\results\semi_auto_calibration_20260508_210629,
20260508_210629,2,250.318,-37.14,202.502,61.933,203.92,63.33,204.86,64.24,202.63,63.5,1,r,1.99,C:\Users\alex2\Desktop\openMV\results\semi_auto_calibration_20260508_210629\frame_01.json,C:\Users\alex2\Desktop\openMV\results\semi_auto_calibration_20260508_210629,
20260508_210629,3,215.133,-28.01,180.943,122.887,182.7,124.22,183.57,125.5,182.01,122.98,4,r,2.205,C:\Users\alex2\Desktop\openMV\results\semi_auto_calibration_20260508_210629\frame_01.json,C:\Users\alex2\Desktop\openMV\results\semi_auto_calibration_20260508_210629,
20260508_210629,4,172.1,-22.127,168.188,199.747,172.64,194.96,173.48,196.67,172.2,193.86,6,b,6.537,C:\Users\alex2\Desktop\openMV\results\semi_auto_calibration_20260508_210629\frame_01.json,C:\Users\alex2\Desktop\openMV\results\semi_auto_calibration_20260508_210629,
20260508_210629,5,242.409,-11.904,136.32,75.883,136.49,75.37,137.22,76.36,136.69,75.14,6,b,0.541,C:\Users\alex2\Desktop\openMV\results\semi_auto_calibration_20260508_210629\frame_01.json,C:\Users\alex2\Desktop\openMV\results\semi_auto_calibration_20260508_210629,
20260508_210629,6,195.499,-8.308,129.313,157.591,132.64,158.01,133.36,159.5,132.56,156.65,4,r,3.353,C:\Users\alex2\Desktop\openMV\results\semi_auto_calibration_20260508_210629\frame_01.json,C:\Users\alex2\Desktop\openMV\results\semi_auto_calibration_20260508_210629,
20260508_210629,7,266.186,-6.564,121.109,35.852,124.26,33.24,124.96,33.97,124.77,32.86,4,r,4.093,C:\Users\alex2\Desktop\openMV\results\semi_auto_calibration_20260508_210629\frame_01.json,C:\Users\alex2\Desktop\openMV\results\semi_auto_calibration_20260508_210629,
20260508_210629,8,218.013,-2.12,111.695,118.034,111.39,118.63,112.04,119.88,111.26,117.97,1,r,0.67,C:\Users\alex2\Desktop\openMV\results\semi_auto_calibration_20260508_210629\frame_01.json,C:\Users\alex2\Desktop\openMV\results\semi_auto_calibration_20260508_210629,
20260508_210629,9,174.704,9.215,83.142,194.696,81.18,194.23,81.75,195.93,81.24,192.44,6,b,2.016,C:\Users\alex2\Desktop\openMV\results\semi_auto_calibration_20260508_210629\frame_01.json,C:\Users\alex2\Desktop\openMV\results\semi_auto_calibration_20260508_210629,
20260508_210629,10,239.822,16.711,61.482,80.75,60.72,82.47,61.22,83.5,61.33,81.83,3,b,1.881,C:\Users\alex2\Desktop\openMV\results\semi_auto_calibration_20260508_210629\frame_01.json,C:\Users\alex2\Desktop\openMV\results\semi_auto_calibration_20260508_210629,
20260508_210629,11,266.806,17.413,59.061,35.426,63.58,34.35,64.09,35.09,64.19,34.24,5,b,4.645,C:\Users\alex2\Desktop\openMV\results\semi_auto_calibration_20260508_210629\frame_01.json,C:\Users\alex2\Desktop\openMV\results\semi_auto_calibration_20260508_210629,
20260508_210629,12,203.713,17.505,60.228,143.096,59.5,143.1,60.0,144.5,60.27,141.61,3,b,0.728,C:\Users\alex2\Desktop\openMV\results\semi_auto_calibration_20260508_210629\frame_01.json,C:\Users\alex2\Desktop\openMV\results\semi_auto_calibration_20260508_210629,
20260508_210723,1,183.681,-35.041,202.544,178.868,205.96,180.33,206.9,181.95,204.99,178.91,5,b,3.716,C:\Users\alex2\Desktop\openMV\results\semi_auto_calibration_20260508_210723\frame_01.json,C:\Users\alex2\Desktop\openMV\results\semi_auto_calibration_20260508_210723,
20260508_210723,2,237.55,-33.956,195.089,83.864,197.58,83.74,198.5,84.78,196.64,83.04,5,b,2.494,C:\Users\alex2\Desktop\openMV\results\semi_auto_calibration_20260508_210723\frame_01.json,C:\Users\alex2\Desktop\openMV\results\semi_auto_calibration_20260508_210723,
20260508_210723,3,209.653,-28.758,183.374,132.519,184.72,134.26,185.6,135.6,183.89,133.47,3,b,2.201,C:\Users\alex2\Desktop\openMV\results\semi_auto_calibration_20260508_210723\frame_01.json,C:\Users\alex2\Desktop\openMV\results\semi_auto_calibration_20260508_210723,
20260508_210723,4,261.85,-26.189,172.68,42.639,175.65,41.72,176.5,42.5,174.6,41.34,5,b,3.108,C:\Users\alex2\Desktop\openMV\results\semi_auto_calibration_20260508_210723\frame_01.json,C:\Users\alex2\Desktop\openMV\results\semi_auto_calibration_20260508_210723,
20260508_210723,5,192.378,-7.978,128.593,163.142,128.21,163.28,128.91,164.8,128.49,162.8,2,b,0.407,C:\Users\alex2\Desktop\openMV\results\semi_auto_calibration_20260508_210723\frame_01.json,C:\Users\alex2\Desktop\openMV\results\semi_auto_calibration_20260508_210723,
20260508_210723,6,240.396,-7.857,125.771,79.386,129.07,77.85,129.78,78.85,129.19,77.54,6,b,3.639,C:\Users\alex2\Desktop\openMV\results\semi_auto_calibration_20260508_210723\frame_01.json,C:\Users\alex2\Desktop\openMV\results\semi_auto_calibration_20260508_210723,
20260508_210723,7,216.157,-4.425,117.897,121.249,119.72,120.34,120.4,121.6,119.88,119.72,5,b,2.037,C:\Users\alex2\Desktop\openMV\results\semi_auto_calibration_20260508_210723\frame_01.json,C:\Users\alex2\Desktop\openMV\results\semi_auto_calibration_20260508_210723,
20260508_210723,8,266.644,-1.178,107.097,35.224,110.85,31.77,111.5,32.5,111.28,31.21,3,b,5.1,C:\Users\alex2\Desktop\openMV\results\semi_auto_calibration_20260508_210723\frame_01.json,C:\Users\alex2\Desktop\openMV\results\semi_auto_calibration_20260508_210723,
20260508_210723,9,173.949,9.083,83.522,196.059,82.43,193.3,83.0,195.0,82.28,192.04,5,b,2.967,C:\Users\alex2\Desktop\openMV\results\semi_auto_calibration_20260508_210723\frame_01.json,C:\Users\alex2\Desktop\openMV\results\semi_auto_calibration_20260508_210723,
20260508_210723,10,227.551,16.343,62.73,101.715,62.54,104.73,63.05,105.9,63.06,104.07,3,b,3.021,C:\Users\alex2\Desktop\openMV\results\semi_auto_calibration_20260508_210723\frame_01.json,C:\Users\alex2\Desktop\openMV\results\semi_auto_calibration_20260508_210723,
20260508_210723,11,251.038,17.265,59.79,61.788,61.24,61.68,61.75,62.59,61.04,60.92,2,b,1.454,C:\Users\alex2\Desktop\openMV\results\semi_auto_calibration_20260508_210723\frame_01.json,C:\Users\alex2\Desktop\openMV\results\semi_auto_calibration_20260508_210723,
20260508_210723,12,201.313,17.842,59.391,147.309,57.12,148.6,57.61,150.03,57.52,147.09,4,r,2.612,C:\Users\alex2\Desktop\openMV\results\semi_auto_calibration_20260508_210723\frame_01.json,C:\Users\alex2\Desktop\openMV\results\semi_auto_calibration_20260508_210723,
20260508_210823,1,185.156,-37.598,209.402,176.22,212.99,178.49,213.95,180.1,211.78,177.2,5,b,4.246,C:\Users\alex2\Desktop\openMV\results\semi_auto_calibration_20260508_210823\frame_01.json,C:\Users\alex2\Desktop\openMV\results\semi_auto_calibration_20260508_210823,
20260508_210823,2,240.763,-33.418,193.396,78.347,195.13,80.39,196.04,81.41,194.34,79.8,4,r,2.68,C:\Users\alex2\Desktop\openMV\results\semi_auto_calibration_20260508_210823\frame_01.json,C:\Users\alex2\Desktop\openMV\results\semi_auto_calibration_20260508_210823,
20260508_210823,3,215.004,-32.991,194.345,123.082,194.47,124.82,195.38,126.11,193.3,123.73,1,r,1.742,C:\Users\alex2\Desktop\openMV\results\semi_auto_calibration_20260508_210823\frame_01.json,C:\Users\alex2\Desktop\openMV\results\semi_auto_calibration_20260508_210823,
20260508_210823,4,265.127,-31.421,186.198,36.998,187.46,36.42,188.35,37.17,186.55,36.1,4,r,1.388,C:\Users\alex2\Desktop\openMV\results\semi_auto_calibration_20260508_210823\frame_01.json,C:\Users\alex2\Desktop\openMV\results\semi_auto_calibration_20260508_210823,
20260508_210823,5,174.646,-14.985,148.56,195.047,152.07,192.83,152.85,194.52,151.17,191.54,6,b,4.151,C:\Users\alex2\Desktop\openMV\results\semi_auto_calibration_20260508_210823\frame_01.json,C:\Users\alex2\Desktop\openMV\results\semi_auto_calibration_20260508_210823,
20260508_210823,6,234.25,-10.257,132.421,89.879,135.27,90.42,136.0,91.5,135.74,89.52,3,b,2.899,C:\Users\alex2\Desktop\openMV\results\semi_auto_calibration_20260508_210823\frame_01.json,C:\Users\alex2\Desktop\openMV\results\semi_auto_calibration_20260508_210823,
20260508_210823,7,258.349,-8.83,127.406,48.934,129.48,47.32,130.19,48.14,129.87,47.09,6,b,2.629,C:\Users\alex2\Desktop\openMV\results\semi_auto_calibration_20260508_210823\frame_01.json,C:\Users\alex2\Desktop\openMV\results\semi_auto_calibration_20260508_210823,
20260508_210823,8,200.414,-6.432,124.027,148.879,124.8,148.57,125.5,150.0,124.69,147.65,5,b,0.832,C:\Users\alex2\Desktop\openMV\results\semi_auto_calibration_20260508_210823\frame_01.json,C:\Users\alex2\Desktop\openMV\results\semi_auto_calibration_20260508_210823,
20260508_210823,9,173.0,10.422,79.952,197.756,78.29,194.75,78.85,196.46,78.12,193.82,3,b,3.435,C:\Users\alex2\Desktop\openMV\results\semi_auto_calibration_20260508_210823\frame_01.json,C:\Users\alex2\Desktop\openMV\results\semi_auto_calibration_20260508_210823,
20260508_210823,10,222.178,14.851,66.774,110.954,67.31,112.24,67.83,113.45,67.57,110.96,4,r,1.393,C:\Users\alex2\Desktop\openMV\results\semi_auto_calibration_20260508_210823\frame_01.json,C:\Users\alex2\Desktop\openMV\results\semi_auto_calibration_20260508_210823,
20260508_210823,11,252.72,17.381,59.452,58.961,62.39,58.04,62.9,58.92,62.43,56.98,6,b,3.079,C:\Users\alex2\Desktop\openMV\results\semi_auto_calibration_20260508_210823\frame_01.json,C:\Users\alex2\Desktop\openMV\results\semi_auto_calibration_20260508_210823,
20260508_210823,12,195.809,17.625,60.091,157.003,57.33,159.5,57.83,161.0,57.42,157.78,3,b,3.723,C:\Users\alex2\Desktop\openMV\results\semi_auto_calibration_20260508_210823\frame_01.json,C:\Users\alex2\Desktop\openMV\results\semi_auto_calibration_20260508_210823,
20260508_210917,1,242.814,-37.743,204.743,74.754,200.27,75.23,201.19,76.22,199.27,74.64,4,r,4.498,C:\Users\alex2\Desktop\openMV\results\semi_auto_calibration_20260508_210917\frame_01.json,C:\Users\alex2\Desktop\openMV\results\semi_auto_calibration_20260508_210917,
20260508_210917,2,174.241,-35.607,204.919,195.996,207.67,199.26,208.62,201.0,206.63,197.61,1,r,4.268,C:\Users\alex2\Desktop\openMV\results\semi_auto_calibration_20260508_210917\frame_01.json,C:\Users\alex2\Desktop\openMV\results\semi_auto_calibration_20260508_210917,
20260508_210917,3,219.496,-29.417,184.385,115.238,185.72,116.36,186.6,117.6,184.61,115.6,5,b,1.743,C:\Users\alex2\Desktop\openMV\results\semi_auto_calibration_20260508_210917\frame_01.json,C:\Users\alex2\Desktop\openMV\results\semi_auto_calibration_20260508_210917,
20260508_210917,4,265.364,-24.574,168.195,36.772,169.45,36.74,170.29,37.5,168.93,36.2,3,b,1.256,C:\Users\alex2\Desktop\openMV\results\semi_auto_calibration_20260508_210917\frame_01.json,C:\Users\alex2\Desktop\openMV\results\semi_auto_calibration_20260508_210917,
20260508_210917,5,197.79,-20.702,162.526,153.533,161.71,153.93,162.52,155.4,161.37,153.22,2,b,0.907,C:\Users\alex2\Desktop\openMV\results\semi_auto_calibration_20260508_210917\frame_01.json,C:\Users\alex2\Desktop\openMV\results\semi_auto_calibration_20260508_210917,
20260508_210917,6,172.288,-11.61,139.532,199.287,140.92,195.79,141.67,197.51,140.34,194.34,4,r,3.763,C:\Users\alex2\Desktop\openMV\results\semi_auto_calibration_20260508_210917\frame_01.json,C:\Users\alex2\Desktop\openMV\results\semi_auto_calibration_20260508_210917,
20260508_210917,7,226.935,-7.14,124.563,102.521,126.7,103.24,127.4,104.4,126.36,102.11,5,b,2.255,C:\Users\alex2\Desktop\openMV\results\semi_auto_calibration_20260508_210917\frame_01.json,C:\Users\alex2\Desktop\openMV\results\semi_auto_calibration_20260508_210917,
20260508_210917,8,252.627,-3.07,112.634,58.702,112.22,56.71,112.88,57.59,113.01,56.55,3,b,2.034,C:\Users\alex2\Desktop\openMV\results\semi_auto_calibration_20260508_210917\frame_01.json,C:\Users\alex2\Desktop\openMV\results\semi_auto_calibration_20260508_210917,
20260508_210917,9,207.305,10.053,79.851,136.784,78.01,135.93,78.57,137.29,78.54,134.25,6,b,2.029,C:\Users\alex2\Desktop\openMV\results\semi_auto_calibration_20260508_210917\frame_01.json,C:\Users\alex2\Desktop\openMV\results\semi_auto_calibration_20260508_210917,
20260508_210917,10,179.75,12.945,72.978,185.593,72.25,184.22,72.79,185.87,72.33,182.48,4,r,1.555,C:\Users\alex2\Desktop\openMV\results\semi_auto_calibration_20260508_210917\frame_01.json,C:\Users\alex2\Desktop\openMV\results\semi_auto_calibration_20260508_210917,
20260508_210917,11,266.923,15.491,64.006,35.183,67.87,29.89,68.4,30.6,67.69,29.88,3,b,6.554,C:\Users\alex2\Desktop\openMV\results\semi_auto_calibration_20260508_210917\frame_01.json,C:\Users\alex2\Desktop\openMV\results\semi_auto_calibration_20260508_210917,
20260508_210917,12,235.769,17.317,59.996,87.66,59.91,89.28,60.41,90.35,59.94,88.26,4,r,1.622,C:\Users\alex2\Desktop\openMV\results\semi_auto_calibration_20260508_210917\frame_01.json,C:\Users\alex2\Desktop\openMV\results\semi_auto_calibration_20260508_210917,
20260508_211013,1,225.883,-36.182,202.012,104.035,204.06,105.33,205.0,106.5,203.46,103.94,3,b,2.423,C:\Users\alex2\Desktop\openMV\results\semi_auto_calibration_20260508_211013\frame_01.json,C:\Users\alex2\Desktop\openMV\results\semi_auto_calibration_20260508_211013,
20260508_211013,2,191.994,-36.142,204.823,163.911,206.11,164.37,207.05,165.9,205.38,163.03,5,b,1.366,C:\Users\alex2\Desktop\openMV\results\semi_auto_calibration_20260508_211013\frame_01.json,C:\Users\alex2\Desktop\openMV\results\semi_auto_calibration_20260508_211013,
20260508_211013,3,250.474,-35.307,197.625,61.704,199.37,63.79,200.29,64.71,199.0,63.75,3,b,2.72,C:\Users\alex2\Desktop\openMV\results\semi_auto_calibration_20260508_211013\frame_01.json,C:\Users\alex2\Desktop\openMV\results\semi_auto_calibration_20260508_211013,
20260508_211013,4,172.155,-20.064,162.554,199.624,167.89,197.77,168.71,199.5,166.73,196.62,5,b,5.649,C:\Users\alex2\Desktop\openMV\results\semi_auto_calibration_20260508_211013\frame_01.json,C:\Users\alex2\Desktop\openMV\results\semi_auto_calibration_20260508_211013,
20260508_211013,5,211.693,-14.682,145.468,128.995,146.74,128.97,147.5,130.29,145.97,128.12,5,b,1.272,C:\Users\alex2\Desktop\openMV\results\semi_auto_calibration_20260508_211013\frame_01.json,C:\Users\alex2\Desktop\openMV\results\semi_auto_calibration_20260508_211013,
20260508_211013,6,235.011,-8.872,128.724,88.592,131.67,89.75,132.39,90.83,132.17,89.33,1,r,3.165,C:\Users\alex2\Desktop\openMV\results\semi_auto_calibration_20260508_211013\frame_01.json,C:\Users\alex2\Desktop\openMV\results\semi_auto_calibration_20260508_211013,
20260508_211013,7,258.206,-5.381,118.409,49.253,120.44,48.23,121.12,49.05,120.9,47.91,6,b,2.274,C:\Users\alex2\Desktop\openMV\results\semi_auto_calibration_20260508_211013\frame_01.json,C:\Users\alex2\Desktop\openMV\results\semi_auto_calibration_20260508_211013,
20260508_211013,8,191.641,-2.388,113.62,164.438,115.28,163.66,115.95,165.18,115.36,161.75,4,r,1.833,C:\Users\alex2\Desktop\openMV\results\semi_auto_calibration_20260508_211013\frame_01.json,C:\Users\alex2\Desktop\openMV\results\semi_auto_calibration_20260508_211013,
20260508_211013,9,174.342,13.852,70.7,195.301,68.47,193.3,69.0,195.0,68.92,191.7,5,b,2.997,C:\Users\alex2\Desktop\openMV\results\semi_auto_calibration_20260508_211013\frame_01.json,C:\Users\alex2\Desktop\openMV\results\semi_auto_calibration_20260508_211013,
20260508_211013,10,231.808,14.724,66.861,94.394,68.62,95.87,69.14,96.99,68.41,95.55,1,r,2.296,C:\Users\alex2\Desktop\openMV\results\semi_auto_calibration_20260508_211013\frame_01.json,C:\Users\alex2\Desktop\openMV\results\semi_auto_calibration_20260508_211013,
20260508_211013,11,205.62,16.811,62.018,139.753,59.64,142.49,60.15,143.88,60.31,140.9,6,b,3.626,C:\Users\alex2\Desktop\openMV\results\semi_auto_calibration_20260508_211013\frame_01.json,C:\Users\alex2\Desktop\openMV\results\semi_auto_calibration_20260508_211013,
20260508_211013,12,265.515,16.985,60.191,37.561,63.96,35.33,64.47,36.08,64.71,35.2,1,r,4.38,C:\Users\alex2\Desktop\openMV\results\semi_auto_calibration_20260508_211013\frame_01.json,C:\Users\alex2\Desktop\openMV\results\semi_auto_calibration_20260508_211013,
20260508_211103,1,202.309,-37.776,208.357,145.495,210.27,148.59,211.22,150.02,209.48,147.61,4,r,3.639,C:\Users\alex2\Desktop\openMV\results\semi_auto_calibration_20260508_211103\frame_01.json,C:\Users\alex2\Desktop\openMV\results\semi_auto_calibration_20260508_211103,
20260508_211103,2,256.298,-36.126,199.316,51.789,199.03,50.14,199.95,50.98,198.59,50.09,2,b,1.674,C:\Users\alex2\Desktop\openMV\results\semi_auto_calibration_20260508_211103\frame_01.json,C:\Users\alex2\Desktop\openMV\results\semi_auto_calibration_20260508_211103,
20260508_211103,3,178.723,-34.948,202.72,187.842,204.48,186.84,205.41,188.5,203.86,186.37,2,b,2.026,C:\Users\alex2\Desktop\openMV\results\semi_auto_calibration_20260508_211103\frame_01.json,C:\Users\alex2\Desktop\openMV\results\semi_auto_calibration_20260508_211103,
20260508_211103,4,228.544,-32.584,192.154,99.451,193.6,102.85,194.5,104.0,192.46,101.92,3,b,3.694,C:\Users\alex2\Desktop\openMV\results\semi_auto_calibration_20260508_211103\frame_01.json,C:\Users\alex2\Desktop\openMV\results\semi_auto_calibration_20260508_211103,
20260508_211103,5,209.321,-13.131,141.462,133.166,143.28,133.36,144.03,134.7,143.04,132.39,4,r,1.829,C:\Users\alex2\Desktop\openMV\results\semi_auto_calibration_20260508_211103\frame_01.json,C:\Users\alex2\Desktop\openMV\results\semi_auto_calibration_20260508_211103,
20260508_211103,6,265.548,-12.133,135.646,36.778,138.98,33.76,139.71,34.5,139.47,33.91,5,b,4.497,C:\Users\alex2\Desktop\openMV\results\semi_auto_calibration_20260508_211103\frame_01.json,C:\Users\alex2\Desktop\openMV\results\semi_auto_calibration_20260508_211103,
20260508_211103,7,239.307,-10.597,133.045,81.205,135.67,81.57,136.4,82.6,136.0,80.91,5,b,2.65,C:\Users\alex2\Desktop\openMV\results\semi_auto_calibration_20260508_211103\frame_01.json,C:\Users\alex2\Desktop\openMV\results\semi_auto_calibration_20260508_211103,
20260508_211103,8,184.923,-10.145,134.839,176.478,135.27,174.17,136.0,175.75,135.29,172.99,2,b,2.348,C:\Users\alex2\Desktop\openMV\results\semi_auto_calibration_20260508_211103\frame_01.json,C:\Users\alex2\Desktop\openMV\results\semi_auto_calibration_20260508_211103,
20260508_211103,9,204.303,10.82,77.911,142.049,79.1,142.76,79.66,144.15,79.3,141.51,4,r,1.385,C:\Users\alex2\Desktop\openMV\results\semi_auto_calibration_20260508_211103\frame_01.json,C:\Users\alex2\Desktop\openMV\results\semi_auto_calibration_20260508_211103,
20260508_211103,10,266.606,11.473,74.37,35.608,76.9,33.51,77.45,34.25,77.18,33.19,2,b,3.287,C:\Users\alex2\Desktop\openMV\results\semi_auto_calibration_20260508_211103\frame_01.json,C:\Users\alex2\Desktop\openMV\results\semi_auto_calibration_20260508_211103,
20260508_211103,11,235.708,12.688,72.08,87.699,76.95,89.18,77.5,90.25,77.27,88.03,2,b,5.09,C:\Users\alex2\Desktop\openMV\results\semi_auto_calibration_20260508_211103\frame_01.json,C:\Users\alex2\Desktop\openMV\results\semi_auto_calibration_20260508_211103,
20260508_211103,12,174.403,16.331,64.052,195.166,59.88,194.1,60.38,195.8,59.61,193.27,1,r,4.306,C:\Users\alex2\Desktop\openMV\results\semi_auto_calibration_20260508_211103\frame_01.json,C:\Users\alex2\Desktop\openMV\results\semi_auto_calibration_20260508_211103,
20260508_211155,1,240.617,-37.196,203.472,78.536,202.49,81.87,203.42,82.89,201.44,81.54,5,b,3.475,C:\Users\alex2\Desktop\openMV\results\semi_auto_calibration_20260508_211155\frame_01.json,C:\Users\alex2\Desktop\openMV\results\semi_auto_calibration_20260508_211155,
20260508_211155,2,173.648,-36.751,208.113,197.089,214.23,196.92,215.2,198.64,213.18,196.32,6,b,6.12,C:\Users\alex2\Desktop\openMV\results\semi_auto_calibration_20260508_211155\frame_01.json,C:\Users\alex2\Desktop\openMV\results\semi_auto_calibration_20260508_211155,
20260508_211155,3,201.358,-34.028,198.278,147.189,201.18,148.57,202.11,150.0,200.48,148.03,3,b,3.214,C:\Users\alex2\Desktop\openMV\results\semi_auto_calibration_20260508_211155\frame_01.json,C:\Users\alex2\Desktop\openMV\results\semi_auto_calibration_20260508_211155,
20260508_211155,4,263.894,-33.926,192.89,39.009,192.7,38.15,193.6,38.92,191.6,37.31,1,r,0.88,C:\Users\alex2\Desktop\openMV\results\semi_auto_calibration_20260508_211155\frame_01.json,C:\Users\alex2\Desktop\openMV\results\semi_auto_calibration_20260508_211155,
20260508_211155,5,228.307,-15.52,146.698,100.057,148.65,101.24,149.42,102.39,148.08,100.8,6,b,2.282,C:\Users\alex2\Desktop\openMV\results\semi_auto_calibration_20260508_211155\frame_01.json,C:\Users\alex2\Desktop\openMV\results\semi_auto_calibration_20260508_211155,
20260508_211155,6,199.857,-8.852,130.538,149.864,132.11,149.11,132.83,150.54,132.07,148.61,2,b,1.743,C:\Users\alex2\Desktop\openMV\results\semi_auto_calibration_20260508_211155\frame_01.json,C:\Users\alex2\Desktop\openMV\results\semi_auto_calibration_20260508_211155,
20260508_211155,7,172.169,-8.558,131.252,199.469,130.79,194.79,131.5,196.5,130.97,193.78,5,b,4.702,C:\Users\alex2\Desktop\openMV\results\semi_auto_calibration_20260508_211155\frame_01.json,C:\Users\alex2\Desktop\openMV\results\semi_auto_calibration_20260508_211155,
20260508_211155,8,259.505,-5.405,118.41,47.069,124.29,43.41,124.99,44.21,124.2,43.5,1,r,6.925,C:\Users\alex2\Desktop\openMV\results\semi_auto_calibration_20260508_211155\frame_01.json,C:\Users\alex2\Desktop\openMV\results\semi_auto_calibration_20260508_211155,
20260508_211155,9,218.135,11.233,76.402,117.92,75.34,122.45,75.89,123.72,75.12,121.24,2,b,4.653,C:\Users\alex2\Desktop\openMV\results\semi_auto_calibration_20260508_211155\frame_01.json,C:\Users\alex2\Desktop\openMV\results\semi_auto_calibration_20260508_211155,
20260508_211155,10,187.458,13.805,70.463,171.819,67.97,171.72,68.5,173.29,68.54,169.73,5,b,2.495,C:\Users\alex2\Desktop\openMV\results\semi_auto_calibration_20260508_211155\frame_01.json,C:\Users\alex2\Desktop\openMV\results\semi_auto_calibration_20260508_211155,
20260508_211155,11,241.919,16.809,61.179,77.191,62.6,77.58,63.11,78.58,62.6,76.55,3,b,1.473,C:\Users\alex2\Desktop\openMV\results\semi_auto_calibration_20260508_211155\frame_01.json,C:\Users\alex2\Desktop\openMV\results\semi_auto_calibration_20260508_211155,
20260508_211155,12,267.712,17.113,59.813,33.915,63.74,32.52,64.25,33.25,64.25,32.07,6,b,4.167,C:\Users\alex2\Desktop\openMV\results\semi_auto_calibration_20260508_211155\frame_01.json,C:\Users\alex2\Desktop\openMV\results\semi_auto_calibration_20260508_211155,
20260508_211307,1,193.895,-37.752,209.04,160.509,212.82,161.0,213.78,162.5,211.9,159.73,5,b,3.812,C:\Users\alex2\Desktop\openMV\results\semi_auto_calibration_20260508_211307\frame_01.json,C:\Users\alex2\Desktop\openMV\results\semi_auto_calibration_20260508_211307,
20260508_211307,2,266.218,-37.566,202.296,35.007,202.57,34.26,203.5,35.0,201.3,34.25,5,b,0.796,C:\Users\alex2\Desktop\openMV\results\semi_auto_calibration_20260508_211307\frame_01.json,C:\Users\alex2\Desktop\openMV\results\semi_auto_calibration_20260508_211307,
20260508_211307,3,227.442,-34.92,198.498,101.338,197.0,103.43,197.91,104.59,195.92,103.08,2,b,2.573,C:\Users\alex2\Desktop\openMV\results\semi_auto_calibration_20260508_211307\frame_01.json,C:\Users\alex2\Desktop\openMV\results\semi_auto_calibration_20260508_211307,
20260508_211307,4,248.773,-21.88,162.231,64.861,165.82,65.68,166.64,66.61,165.51,65.53,2,b,3.681,C:\Users\alex2\Desktop\openMV\results\semi_auto_calibration_20260508_211307\frame_01.json,C:\Users\alex2\Desktop\openMV\results\semi_auto_calibration_20260508_211307,
20260508_211307,5,173.915,-18.697,158.708,196.411,159.53,194.24,160.33,195.95,158.83,193.0,4,r,2.322,C:\Users\alex2\Desktop\openMV\results\semi_auto_calibration_20260508_211307\frame_01.json,C:\Users\alex2\Desktop\openMV\results\semi_auto_calibration_20260508_211307,
20260508_211307,6,225.968,-10.089,132.425,104.162,136.66,105.62,137.39,106.79,136.87,104.47,1,r,4.479,C:\Users\alex2\Desktop\openMV\results\semi_auto_calibration_20260508_211307\frame_01.json,C:\Users\alex2\Desktop\openMV\results\semi_auto_calibration_20260508_211307,
20260508_211307,7,201.71,-6.785,124.906,146.589,126.45,147.68,127.15,149.1,126.32,146.39,4,r,1.891,C:\Users\alex2\Desktop\openMV\results\semi_auto_calibration_20260508_211307\frame_01.json,C:\Users\alex2\Desktop\openMV\results\semi_auto_calibration_20260508_211307,
20260508_211307,8,265.867,-4.881,116.748,36.427,120.06,33.67,120.74,34.41,120.79,33.21,4,r,4.31,C:\Users\alex2\Desktop\openMV\results\semi_auto_calibration_20260508_211307\frame_01.json,C:\Users\alex2\Desktop\openMV\results\semi_auto_calibration_20260508_211307,
20260508_211307,9,174.627,5.809,92.307,194.87,88.5,195.04,89.09,196.75,94.38,189.34,3,b,3.811,C:\Users\alex2\Desktop\openMV\results\semi_auto_calibration_20260508_211307\frame_01.json,C:\Users\alex2\Desktop\openMV\results\semi_auto_calibration_20260508_211307,
20260508_211307,10,251.392,14.161,67.827,61.13,70.13,60.1,70.67,61.0,70.54,59.16,3,b,2.523,C:\Users\alex2\Desktop\openMV\results\semi_auto_calibration_20260508_211307\frame_01.json,C:\Users\alex2\Desktop\openMV\results\semi_auto_calibration_20260508_211307,
20260508_211307,11,224.969,17.618,59.451,106.168,60.25,107.07,60.75,108.25,60.15,105.82,2,b,1.205,C:\Users\alex2\Desktop\openMV\results\semi_auto_calibration_20260508_211307\frame_01.json,C:\Users\alex2\Desktop\openMV\results\semi_auto_calibration_20260508_211307,
20260508_211307,12,198.219,17.997,59.05,152.752,56.51,152.37,57.0,153.83,56.47,151.35,3,b,2.569,C:\Users\alex2\Desktop\openMV\results\semi_auto_calibration_20260508_211307\frame_01.json,C:\Users\alex2\Desktop\openMV\results\semi_auto_calibration_20260508_211307,
20260508_211405,1,234.791,-37.624,205.113,88.57,205.02,90.35,205.95,91.43,204.19,90.0,4,r,1.783,C:\Users\alex2\Desktop\openMV\results\semi_auto_calibration_20260508_211405\frame_01.json,C:\Users\alex2\Desktop\openMV\results\semi_auto_calibration_20260508_211405,
20260508_211405,2,262.994,-36.95,200.939,40.45,201.57,40.22,202.5,41.0,200.22,39.78,5,b,0.672,C:\Users\alex2\Desktop\openMV\results\semi_auto_calibration_20260508_211405\frame_01.json,C:\Users\alex2\Desktop\openMV\results\semi_auto_calibration_20260508_211405,
20260508_211405,3,184.337,-36.792,207.271,177.694,209.55,178.23,210.5,179.84,208.45,177.0,2,b,2.341,C:\Users\alex2\Desktop\openMV\results\semi_auto_calibration_20260508_211405\frame_01.json,C:\Users\alex2\Desktop\openMV\results\semi_auto_calibration_20260508_211405,
20260508_211405,4,210.888,-36.547,204.279,130.307,203.47,132.27,204.4,133.6,203.09,131.37,3,b,2.123,C:\Users\alex2\Desktop\openMV\results\semi_auto_calibration_20260508_211405\frame_01.json,C:\Users\alex2\Desktop\openMV\results\semi_auto_calibration_20260508_211405,
20260508_211405,5,197.732,-16.889,152.254,153.634,154.13,156.24,154.91,157.72,154.01,155.0,1,r,3.211,C:\Users\alex2\Desktop\openMV\results\semi_auto_calibration_20260508_211405\frame_01.json,C:\Users\alex2\Desktop\openMV\results\semi_auto_calibration_20260508_211405,
20260508_211405,6,223.416,-16.736,150.23,108.52,148.09,106.95,148.85,108.13,147.5,106.47,1,r,2.654,C:\Users\alex2\Desktop\openMV\results\semi_auto_calibration_20260508_211405\frame_01.json,C:\Users\alex2\Desktop\openMV\results\semi_auto_calibration_20260508_211405,
20260508_211405,7,258.983,-8.121,125.522,47.884,130.29,47.93,131.0,48.75,131.01,47.14,2,b,4.768,C:\Users\alex2\Desktop\openMV\results\semi_auto_calibration_20260508_211405\frame_01.json,C:\Users\alex2\Desktop\openMV\results\semi_auto_calibration_20260508_211405,
20260508_211405,8,176.678,-5.934,123.904,191.283,120.92,187.15,121.61,188.81,120.54,185.28,1,r,5.098,C:\Users\alex2\Desktop\openMV\results\semi_auto_calibration_20260508_211405\frame_01.json,C:\Users\alex2\Desktop\openMV\results\semi_auto_calibration_20260508_211405,
20260508_211405,9,212.671,4.88,93.368,127.384,95.6,126.79,96.2,128.09,95.42,126.07,2,b,2.31,C:\Users\alex2\Desktop\openMV\results\semi_auto_calibration_20260508_211405\frame_01.json,C:\Users\alex2\Desktop\openMV\results\semi_auto_calibration_20260508_211405,
20260508_211405,10,240.783,16.342,62.421,79.112,59.0,79.98,59.5,81.0,58.89,79.0,5,b,3.529,C:\Users\alex2\Desktop\openMV\results\semi_auto_calibration_20260508_211405\frame_01.json,C:\Users\alex2\Desktop\openMV\results\semi_auto_calibration_20260508_211405,
20260508_211405,11,186.937,17.272,61.235,172.729,58.65,171.1,59.14,172.67,58.66,169.97,3,b,3.055,C:\Users\alex2\Desktop\openMV\results\semi_auto_calibration_20260508_211405\frame_01.json,C:\Users\alex2\Desktop\openMV\results\semi_auto_calibration_20260508_211405,
20260508_211405,12,266.696,17.917,57.767,35.622,61.97,34.05,62.47,34.79,62.47,33.29,1,r,4.487,C:\Users\alex2\Desktop\openMV\results\semi_auto_calibration_20260508_211405\frame_01.json,C:\Users\alex2\Desktop\openMV\results\semi_auto_calibration_20260508_211405,
20260508_211504,1,264.107,-36.47,199.58,38.587,198.62,40.04,199.54,40.81,198.02,39.93,1,r,1.742,C:\Users\alex2\Desktop\openMV\results\semi_auto_calibration_20260508_211504\frame_01.json,C:\Users\alex2\Desktop\openMV\results\semi_auto_calibration_20260508_211504,
20260508_211504,2,221.935,-36.163,202.297,110.92,202.12,113.88,203.05,115.1,201.76,113.27,3,b,2.966,C:\Users\alex2\Desktop\openMV\results\semi_auto_calibration_20260508_211504\frame_01.json,C:\Users\alex2\Desktop\openMV\results\semi_auto_calibration_20260508_211504,
20260508_211504,3,175.223,-32.304,195.777,194.175,200.13,192.21,201.05,193.9,198.92,191.47,3,b,4.776,C:\Users\alex2\Desktop\openMV\results\semi_auto_calibration_20260508_211504\frame_01.json,C:\Users\alex2\Desktop\openMV\results\semi_auto_calibration_20260508_211504,
20260508_211504,4,197.993,-26.321,177.686,153.176,182.06,155.18,182.92,156.65,181.04,154.05,6,b,4.812,C:\Users\alex2\Desktop\openMV\results\semi_auto_calibration_20260508_211504\frame_01.json,C:\Users\alex2\Desktop\openMV\results\semi_auto_calibration_20260508_211504,
20260508_211504,5,242.016,-19.156,155.478,76.434,158.92,75.51,159.71,76.5,158.18,75.82,3,b,3.564,C:\Users\alex2\Desktop\openMV\results\semi_auto_calibration_20260508_211504\frame_01.json,C:\Users\alex2\Desktop\openMV\results\semi_auto_calibration_20260508_211504,
20260508_211504,6,264.054,-8.965,127.466,39.357,130.79,37.74,131.5,38.5,130.33,36.66,3,b,3.697,C:\Users\alex2\Desktop\openMV\results\semi_auto_calibration_20260508_211504\frame_01.json,C:\Users\alex2\Desktop\openMV\results\semi_auto_calibration_20260508_211504,
20260508_211504,7,213.263,-6.69,124.062,126.288,124.95,126.85,125.64,128.15,124.71,125.67,4,r,1.051,C:\Users\alex2\Desktop\openMV\results\semi_auto_calibration_20260508_211504\frame_01.json,C:\Users\alex2\Desktop\openMV\results\semi_auto_calibration_20260508_211504,
20260508_211504,8,184.128,-3.783,117.727,177.865,119.66,175.45,120.34,177.04,119.44,174.1,4,r,3.093,C:\Users\alex2\Desktop\openMV\results\semi_auto_calibration_20260508_211504\frame_01.json,C:\Users\alex2\Desktop\openMV\results\semi_auto_calibration_20260508_211504,
20260508_211504,9,229.971,10.042,79.174,97.487,80.77,98.87,81.33,100.0,81.02,97.85,3,b,2.112,C:\Users\alex2\Desktop\openMV\results\semi_auto_calibration_20260508_211504\frame_01.json,C:\Users\alex2\Desktop\openMV\results\semi_auto_calibration_20260508_211504,
20260508_211504,10,254.889,13.025,70.68,55.227,74.95,54.64,75.5,55.5,74.96,54.26,3,b,4.31,C:\Users\alex2\Desktop\openMV\results\semi_auto_calibration_20260508_211504\frame_01.json,C:\Users\alex2\Desktop\openMV\results\semi_auto_calibration_20260508_211504,
20260508_211504,11,200.616,13.444,71.06,148.532,68.38,150.22,68.91,151.66,68.37,149.21,2,b,3.168,C:\Users\alex2\Desktop\openMV\results\semi_auto_calibration_20260508_211504\frame_01.json,C:\Users\alex2\Desktop\openMV\results\semi_auto_calibration_20260508_211504,
20260508_211504,12,174.083,17.313,61.428,195.732,53.25,193.99,53.74,195.69,53.3,192.88,2,b,8.362,C:\Users\alex2\Desktop\openMV\results\semi_auto_calibration_20260508_211504\frame_01.json,C:\Users\alex2\Desktop\openMV\results\semi_auto_calibration_20260508_211504,
